"../../../Engine/Plugins/2D/Paper2D/Content/PlaceholderTextures/DummySpriteTexture.ubulk" 0
"../../../Engine/Plugins/2D/Paper2D/Content/PlaceholderTextures/DummySpriteTexture.uasset" 1
"../../../Engine/Plugins/2D/Paper2D/Content/PlaceholderTextures/DummySpriteTexture.uexp" 2
"../../../Engine/Plugins/2D/Paper2D/Content/DummySprite.uasset" 3
"../../../Engine/Plugins/2D/Paper2D/Content/DummySprite.uexp" 4
"../../../Engine/Plugins/2D/Paper2D/Content/DefaultPaperTerrainMaterial.uasset" 5
"../../../Engine/Plugins/2D/Paper2D/Content/DefaultPaperTerrainMaterial.uexp" 6
"../../../Engine/Plugins/Animation/ACLPlugin/Content/ACLAnimCurveCompressionSettings.uasset" 7
"../../../Engine/Plugins/Animation/ACLPlugin/Content/ACLAnimCurveCompressionSettings.uexp" 8
"../../../Engine/Plugins/Animation/ACLPlugin/Content/ACLAnimBoneCompressionSettings.uasset" 9
"../../../Engine/Plugins/Animation/ACLPlugin/Content/ACLAnimBoneCompressionSettings.uexp" 10
"../../../Engine/Content/Animation/DefaultVariableFrameStrippingSettings.uasset" 11
"../../../Engine/Content/Animation/DefaultVariableFrameStrippingSettings.uexp" 12
"../../../Engine/Content/EngineMaterials/DefaultPhysicalMaterial.uasset" 13
"../../../Engine/Content/EngineMaterials/DefaultPhysicalMaterial.uexp" 14
"../../../Engine/Content/EngineMaterials/DefaultDestructiblePhysicalMaterial.uasset" 15
"../../../Engine/Content/EngineMaterials/DefaultDestructiblePhysicalMaterial.uexp" 16
"../../../Engine/Content/EngineFonts/Faces/DroidSansFallback.uexp" 17
"../../../Engine/Content/EngineFonts/Faces/DroidSansFallback.uasset" 18
"../../../Engine/Content/EngineFonts/Faces/DroidSansFallback.ufont" 19
"../../../Engine/Content/EngineFonts/Faces/RobotoBold.uexp" 20
"../../../Engine/Content/EngineFonts/Faces/RobotoBold.uasset" 21
"../../../Engine/Content/EngineFonts/Faces/RobotoBold.ufont" 22
"../../../Engine/Content/EngineFonts/Faces/RobotoBoldItalic.uexp" 23
"../../../Engine/Content/EngineFonts/Faces/RobotoBoldItalic.uasset" 24
"../../../Engine/Content/EngineFonts/Faces/RobotoBoldItalic.ufont" 25
"../../../Engine/Content/EngineFonts/Faces/RobotoItalic.uexp" 26
"../../../Engine/Content/EngineFonts/Faces/RobotoItalic.uasset" 27
"../../../Engine/Content/EngineFonts/Faces/RobotoItalic.ufont" 28
"../../../Engine/Content/EngineFonts/Faces/RobotoLight.uexp" 29
"../../../Engine/Content/EngineFonts/Faces/RobotoLight.uasset" 30
"../../../Engine/Content/EngineFonts/Faces/RobotoLight.ufont" 31
"../../../Engine/Content/EngineFonts/Faces/RobotoRegular.uexp" 32
"../../../Engine/Content/EngineFonts/Faces/RobotoRegular.uasset" 33
"../../../Engine/Content/EngineFonts/Faces/RobotoRegular.ufont" 34
"../../../Engine/Content/EngineFonts/Roboto.uasset" 35
"../../../Engine/Content/EngineFonts/Roboto.uexp" 36
"../../../Engine/Content/EngineFonts/Faces/DroidSansMono.uexp" 37
"../../../Engine/Content/EngineFonts/Faces/DroidSansMono.uasset" 38
"../../../Engine/Content/EngineFonts/Faces/DroidSansMono.ufont" 39
"../../../Engine/Content/EngineFonts/DroidSansMono.uasset" 40
"../../../Engine/Content/EngineFonts/DroidSansMono.uexp" 41
"../../../Engine/Plugins/Interchange/Runtime/Content/Pipelines/DefaultTexturePipeline.uasset" 42
"../../../Engine/Plugins/Interchange/Runtime/Content/Pipelines/DefaultTexturePipeline.uexp" 43
"../../../Engine/Plugins/Interchange/Runtime/Content/Pipelines/DefaultSceneLevelPipeline.uasset" 44
"../../../Engine/Plugins/Interchange/Runtime/Content/Pipelines/DefaultSceneLevelPipeline.uexp" 45
"../../../Engine/Plugins/Interchange/Runtime/Content/Pipelines/DefaultSceneAssetsPipeline.uasset" 46
"../../../Engine/Plugins/Interchange/Runtime/Content/Pipelines/DefaultSceneAssetsPipeline.uexp" 47
"../../../Engine/Plugins/Interchange/Runtime/Content/Pipelines/DefaultMaterialXPipeline.uasset" 48
"../../../Engine/Plugins/Interchange/Runtime/Content/Pipelines/DefaultMaterialXPipeline.uexp" 49
"../../../Engine/Plugins/Interchange/Runtime/Content/Pipelines/DefaultMaterialPipeline.uasset" 50
"../../../Engine/Plugins/Interchange/Runtime/Content/Pipelines/DefaultMaterialPipeline.uexp" 51
"../../../Engine/Plugins/Interchange/Runtime/Content/Pipelines/DefaultGLTFSceneAssetsPipeline.uasset" 52
"../../../Engine/Plugins/Interchange/Runtime/Content/Pipelines/DefaultGLTFSceneAssetsPipeline.uexp" 53
"../../../Engine/Plugins/Interchange/Runtime/Content/Pipelines/DefaultGLTFPipeline.uasset" 54
"../../../Engine/Plugins/Interchange/Runtime/Content/Pipelines/DefaultGLTFPipeline.uexp" 55
"../../../Engine/Plugins/Interchange/Runtime/Content/Pipelines/DefaultGLTFAssetsPipeline.uasset" 56
"../../../Engine/Plugins/Interchange/Runtime/Content/Pipelines/DefaultGLTFAssetsPipeline.uexp" 57
"../../../Engine/Plugins/Interchange/Runtime/Content/Pipelines/DefaultAssetsPipeline.uasset" 58
"../../../Engine/Plugins/Interchange/Runtime/Content/Pipelines/DefaultAssetsPipeline.uexp" 59
"../../../Engine/Plugins/Animation/ControlRig/Content/Controls/DefaultGizmoLibraryNormalized.uasset" 60
"../../../Engine/Plugins/Animation/ControlRig/Content/Controls/DefaultGizmoLibraryNormalized.uexp" 61
"../../../Engine/Content/EngineSounds/Master.uasset" 62
"../../../Engine/Content/EngineSounds/Master.uexp" 63
"../../../Engine/Content/MobileResources/HUD/VirtualJoystick_Thumb.uasset" 64
"../../../Engine/Content/MobileResources/HUD/VirtualJoystick_Thumb.uexp" 65
"../../../Engine/Content/MobileResources/HUD/VirtualJoystick_Background.uasset" 66
"../../../Engine/Content/MobileResources/HUD/VirtualJoystick_Background.uexp" 67
"../../../Engine/Content/MobileResources/HUD/DefaultVirtualJoysticks.uasset" 68
"../../../Engine/Content/MobileResources/HUD/DefaultVirtualJoysticks.uexp" 69
"../../../Engine/Content/EngineResources/GradientTexture0.uasset" 70
"../../../Engine/Content/EngineResources/GradientTexture0.uexp" 71
"../../../Engine/Content/EngineResources/Black.uasset" 72
"../../../Engine/Content/EngineResources/Black.uexp" 73
"../../../Engine/Content/EditorResources/S_Actor.ubulk" 74
"../../../Engine/Content/EditorResources/S_Actor.uasset" 75
"../../../Engine/Content/EditorResources/S_Actor.uexp" 76
"../../../Engine/Plugins/NNE/NNEDenoiser/Content/NNEDTOM_Output_Default.uasset" 77
"../../../Engine/Plugins/NNE/NNEDenoiser/Content/NNEDTOM_Output_Default.uexp" 78
"../../../Engine/Plugins/NNE/NNEDenoiser/Content/NNEDTOM_Output_Alpha.uasset" 79
"../../../Engine/Plugins/NNE/NNEDenoiser/Content/NNEDTOM_Output_Alpha.uexp" 80
"../../../Engine/Plugins/NNE/NNEDenoiser/Content/NNEDTIM_ColorAlbedoNormal_Default.uasset" 81
"../../../Engine/Plugins/NNE/NNEDenoiser/Content/NNEDTIM_ColorAlbedoNormal_Default.uexp" 82
"../../../Engine/Plugins/NNE/NNEDenoiser/Content/NNEDTIM_ColorAlbedoNormal_Alpha.uasset" 83
"../../../Engine/Plugins/NNE/NNEDenoiser/Content/NNEDTIM_ColorAlbedoNormal_Alpha.uexp" 84
"../../../Engine/Plugins/NNE/NNEDenoiser/Content/NNEDOM_Output_Default.uasset" 85
"../../../Engine/Plugins/NNE/NNEDenoiser/Content/NNEDOM_Output_Default.uexp" 86
"../../../Engine/Plugins/NNE/NNEDenoiser/Content/NNEDOM_Output_Alpha.uasset" 87
"../../../Engine/Plugins/NNE/NNEDenoiser/Content/NNEDOM_Output_Alpha.uexp" 88
"../../../Engine/Plugins/NNE/NNEDenoiser/Content/NNEDIM_HighQuality_Default.uasset" 89
"../../../Engine/Plugins/NNE/NNEDenoiser/Content/NNEDIM_HighQuality_Default.uexp" 90
"../../../Engine/Plugins/NNE/NNEDenoiser/Content/NNEDIM_HighQuality_Alpha.uasset" 91
"../../../Engine/Plugins/NNE/NNEDenoiser/Content/NNEDIM_HighQuality_Alpha.uexp" 92
"../../../Engine/Plugins/NNE/NNEDenoiser/Content/NNEDIM_ColorAlbedoNormal_Default.uasset" 93
"../../../Engine/Plugins/NNE/NNEDenoiser/Content/NNEDIM_ColorAlbedoNormal_Default.uexp" 94
"../../../Engine/Plugins/NNE/NNEDenoiser/Content/NNEDIM_ColorAlbedoNormal_Alpha.uasset" 95
"../../../Engine/Plugins/NNE/NNEDenoiser/Content/NNEDIM_ColorAlbedoNormal_Alpha.uexp" 96
"../../../Engine/Content/EngineResources/DefaultTexture.ubulk" 97
"../../../Engine/Content/EngineResources/DefaultTexture.uasset" 98
"../../../Engine/Content/EngineResources/DefaultTexture.uexp" 99
"../../../Engine/Content/EngineMaterials/PreintegratedSkinBRDF.uasset" 100
"../../../Engine/Content/EngineMaterials/PreintegratedSkinBRDF.uexp" 101
"../../../Engine/Content/EngineMaterials/MiniFont.uasset" 102
"../../../Engine/Content/EngineMaterials/MiniFont.uexp" 103
"../../../Engine/Content/EngineMaterials/FastBlueNoise_vec2_128x128x64.uasset" 104
"../../../Engine/Content/EngineMaterials/FastBlueNoise_vec2_128x128x64.uexp" 105
"../../../Engine/Content/EngineMaterials/FastBlueNoise_scalar_128x128x8.uasset" 106
"../../../Engine/Content/EngineMaterials/FastBlueNoise_scalar_128x128x8.uexp" 107
"../../../Engine/Content/EngineMaterials/FastBlueNoise_scalar_128x128x64.uasset" 108
"../../../Engine/Content/EngineMaterials/FastBlueNoise_scalar_128x128x64.uexp" 109
"../../../Engine/Content/EngineMaterials/DefaultWhiteGrid.ubulk" 110
"../../../Engine/Content/EngineMaterials/DefaultWhiteGrid.uasset" 111
"../../../Engine/Content/EngineMaterials/DefaultWhiteGrid.uexp" 112
"../../../Engine/Content/EngineMaterials/DefaultBokeh.uasset" 113
"../../../Engine/Content/EngineMaterials/DefaultBokeh.uexp" 114
"../../../Engine/Content/EngineMaterials/DefaultBloomKernel.uasset" 115
"../../../Engine/Content/EngineMaterials/DefaultBloomKernel.uexp" 116
"../../../Engine/Content/EngineDamageTypes/DmgTypeBP_Environmental.uasset" 117
"../../../Engine/Content/EngineDamageTypes/DmgTypeBP_Environmental.uexp" 118
"../../../Engine/Content/EditorResources/S_TriggerSphere.uasset" 119
"../../../Engine/Content/EditorResources/S_TriggerSphere.uexp" 120
"../../../Engine/Content/EditorResources/S_TriggerCapsule.uasset" 121
"../../../Engine/Content/EditorResources/S_TriggerCapsule.uexp" 122
"../../../Engine/Content/EditorResources/S_TriggerBox.uasset" 123
"../../../Engine/Content/EditorResources/S_TriggerBox.uexp" 124
"../../../Engine/Content/EditorResources/S_Trigger.ubulk" 125
"../../../Engine/Content/EditorResources/S_Trigger.uasset" 126
"../../../Engine/Content/EditorResources/S_Trigger.uexp" 127
"../../../Engine/Content/EditorResources/S_Terrain.ubulk" 128
"../../../Engine/Content/EditorResources/S_Terrain.uasset" 129
"../../../Engine/Content/EditorResources/S_Terrain.uexp" 130
"../../../Engine/Content/EditorResources/S_Solver.ubulk" 131
"../../../Engine/Content/EditorResources/S_Solver.uasset" 132
"../../../Engine/Content/EditorResources/S_Solver.uexp" 133
"../../../Engine/Content/EditorResources/S_BoxReflectionCapture.uasset" 134
"../../../Engine/Content/EditorResources/S_BoxReflectionCapture.uexp" 135
"../../../Engine/Content/EditorResources/BSPVertex.uasset" 136
"../../../Engine/Content/EditorResources/BSPVertex.uexp" 137
"../../../Engine/Content/EngineMaterials/T_Default_Material_Grid_M.ubulk" 138
"../../../Engine/Content/EngineMaterials/T_Default_Material_Grid_M.uasset" 139
"../../../Engine/Content/EngineMaterials/T_Default_Material_Grid_M.uexp" 140
"../../../Engine/Content/Functions/Engine_MaterialFunctions01/Opacity/CameraDepthFade.uasset" 141
"../../../Engine/Content/Functions/Engine_MaterialFunctions01/Opacity/CameraDepthFade.uexp" 142
"../../../Engine/Content/EngineMaterials/T_Default_Material_Grid_N.ubulk" 143
"../../../Engine/Content/EngineMaterials/T_Default_Material_Grid_N.uasset" 144
"../../../Engine/Content/EngineMaterials/T_Default_Material_Grid_N.uexp" 145
"../../../Engine/Content/EngineMaterials/WorldGridMaterial.uasset" 146
"../../../Engine/Content/EngineMaterials/WorldGridMaterial.uexp" 147
"../../../Engine/Content/BasicShapes/Cube.ubulk" 148
"../../../Engine/Content/BasicShapes/Cube.uasset" 149
"../../../Engine/Content/BasicShapes/Cube.uexp" 150
"C:/Unreal Project/Finalproject_2025_2 5.6/Content/Meterial/M_Blue.uasset" 151
"C:/Unreal Project/Finalproject_2025_2 5.6/Content/Meterial/M_Blue.uexp" 152
"C:/Unreal Project/Finalproject_2025_2 5.6/Content/game/BP_Wall.uasset" 153
"C:/Unreal Project/Finalproject_2025_2 5.6/Content/game/BP_Wall.uexp" 154
"C:/Unreal Project/Finalproject_2025_2 5.6/Content/Meterial/M_Red.uasset" 155
"C:/Unreal Project/Finalproject_2025_2 5.6/Content/Meterial/M_Red.uexp" 156
"C:/Unreal Project/Finalproject_2025_2 5.6/Content/game/SKM_Quinn.uasset" 157
"C:/Unreal Project/Finalproject_2025_2 5.6/Content/game/SKM_Quinn.uexp" 158
"C:/Unreal Project/Finalproject_2025_2 5.6/Content/game/BP_enemy.uasset" 159
"C:/Unreal Project/Finalproject_2025_2 5.6/Content/game/BP_enemy.uexp" 160
"../../../Engine/Plugins/Runtime/AudioWidgets/Content/Resources/ScrubHandleDown_Clamped.uasset" 161
"../../../Engine/Plugins/Runtime/AudioWidgets/Content/Resources/ScrubHandleDown_Clamped.uexp" 162
"../../../Engine/Content/EngineResources/FilmGrains/Marcie_Grain_v3_128_M2_000.uasset" 163
"../../../Engine/Content/EngineResources/FilmGrains/Marcie_Grain_v3_128_M2_000.uexp" 164
"../../../Engine/Content/EngineResources/Development/ZenLogo_64.uasset" 165
"../../../Engine/Content/EngineResources/Development/ZenLogo_64.uexp" 166
"../../../Engine/Content/EngineMaterials/LTC/Sheen_LTC.uasset" 167
"../../../Engine/Content/EngineMaterials/LTC/Sheen_LTC.uexp" 168
"../../../Engine/Content/EngineMaterials/LTC/GGX_LTCMat.uasset" 169
"../../../Engine/Content/EngineMaterials/LTC/GGX_LTCMat.uexp" 170
"../../../Engine/Content/EngineMaterials/LTC/GGX_LTCAmp.uasset" 171
"../../../Engine/Content/EngineMaterials/LTC/GGX_LTCAmp.uexp" 172
"../../../Engine/Content/EngineMaterials/EnergyConservation/Sheen_Energy.uasset" 173
"../../../Engine/Content/EngineMaterials/EnergyConservation/Sheen_Energy.uexp" 174
"../../../Engine/Content/EngineMaterials/EnergyConservation/SheenLegacy_Energy.uasset" 175
"../../../Engine/Content/EngineMaterials/EnergyConservation/SheenLegacy_Energy.uexp" 176
"../../../Engine/Content/EngineMaterials/EnergyConservation/GGX_TransmissionEnergyArray.uasset" 177
"../../../Engine/Content/EngineMaterials/EnergyConservation/GGX_TransmissionEnergyArray.uexp" 178
"../../../Engine/Content/EngineMaterials/EnergyConservation/GGX_ReflectionEnergy.uasset" 179
"../../../Engine/Content/EngineMaterials/EnergyConservation/GGX_ReflectionEnergy.uexp" 180
"../../../Engine/Content/EngineMaterials/EnergyConservation/Diffuse_Energy.uasset" 181
"../../../Engine/Content/EngineMaterials/EnergyConservation/Diffuse_Energy.uexp" 182
"../../../Engine/Content/EditorResources/SequenceRecorder/RecordingIndicator.uasset" 183
"../../../Engine/Content/EditorResources/SequenceRecorder/RecordingIndicator.uexp" 184
"../../../Engine/Content/EditorResources/SequenceRecorder/Countdown.uasset" 185
"../../../Engine/Content/EditorResources/SequenceRecorder/Countdown.uexp" 186
"../../../Engine/Content/EditorMaterials/ParticleSystems/PSysThumbnail_OOD.ubulk" 187
"../../../Engine/Content/EditorMaterials/ParticleSystems/PSysThumbnail_OOD.uasset" 188
"../../../Engine/Content/EditorMaterials/ParticleSystems/PSysThumbnail_OOD.uexp" 189
"../../../Engine/Content/EditorMaterials/ParticleSystems/PSysThumbnail_NoImage.ubulk" 190
"../../../Engine/Content/EditorMaterials/ParticleSystems/PSysThumbnail_NoImage.uasset" 191
"../../../Engine/Content/EditorMaterials/ParticleSystems/PSysThumbnail_NoImage.uexp" 192
"../../../Engine/Content/Functions/Engine_MaterialFunctions01/Shading/PowerToRoughness.uasset" 193
"../../../Engine/Content/Functions/Engine_MaterialFunctions01/Shading/PowerToRoughness.uexp" 194
"../../../Engine/Content/Functions/Engine_MaterialFunctions01/Shading/ConvertFromDiffSpec.uasset" 195
"../../../Engine/Content/Functions/Engine_MaterialFunctions01/Shading/ConvertFromDiffSpec.uexp" 196
"../../../Engine/Content/EditorMaterials/Dataflow/DataflowTwoSidedVertexMaterial.uasset" 197
"../../../Engine/Content/EditorMaterials/Dataflow/DataflowTwoSidedVertexMaterial.uexp" 198
"../../../Engine/Content/EditorMaterials/Dataflow/DataflowVertexMaterial.uasset" 199
"../../../Engine/Content/EditorMaterials/Dataflow/DataflowVertexMaterial.uexp" 200
"../../../Engine/Content/EngineSky/M_SimpleSkyDome.uasset" 201
"../../../Engine/Content/EngineSky/M_SimpleSkyDome.uexp" 202
"../../../Engine/Plugins/Animation/ControlRig/Content/Controls/ControlRigGizmoMaterial.uasset" 203
"../../../Engine/Plugins/Animation/ControlRig/Content/Controls/ControlRigGizmoMaterial.uexp" 204
"../../../Engine/Plugins/Animation/ControlRig/Content/Controls/ControlRigXRayMaterial.uasset" 205
"../../../Engine/Plugins/Animation/ControlRig/Content/Controls/ControlRigXRayMaterial.uexp" 206
"../../../Engine/Content/Functions/Engine_MaterialFunctions02/Utility/VectorLength.uasset" 207
"../../../Engine/Content/Functions/Engine_MaterialFunctions02/Utility/VectorLength.uexp" 208
"../../../Engine/Content/Functions/Engine_MaterialFunctions02/Utility/BreakOutFloat3Components.uasset" 209
"../../../Engine/Content/Functions/Engine_MaterialFunctions02/Utility/BreakOutFloat3Components.uexp" 210
"../../../Engine/Content/Functions/Engine_MaterialFunctions02/WorldPositionOffset/ObjectScale.uasset" 211
"../../../Engine/Content/Functions/Engine_MaterialFunctions02/WorldPositionOffset/ObjectScale.uexp" 212
"../../../Engine/Content/Functions/Engine_MaterialFunctions02/SafeNormalize.uasset" 213
"../../../Engine/Content/Functions/Engine_MaterialFunctions02/SafeNormalize.uexp" 214
"../../../Engine/Plugins/Editor/SpeedTreeImporter/Content/SpeedTree9/UnpackInteger3.uasset" 215
"../../../Engine/Plugins/Editor/SpeedTreeImporter/Content/SpeedTree9/UnpackInteger3.uexp" 216
"../../../Engine/Plugins/Editor/SpeedTreeImporter/Content/SpeedTree9/UnpackDirection.uasset" 217
"../../../Engine/Plugins/Editor/SpeedTreeImporter/Content/SpeedTree9/UnpackDirection.uexp" 218
"../../../Engine/Plugins/Editor/SpeedTreeImporter/Content/SpeedTree9/game_wind_noise.ubulk" 219
"../../../Engine/Plugins/Editor/SpeedTreeImporter/Content/SpeedTree9/game_wind_noise.uasset" 220
"../../../Engine/Plugins/Editor/SpeedTreeImporter/Content/SpeedTree9/game_wind_noise.uexp" 221
"../../../Engine/Plugins/Editor/SpeedTreeImporter/Content/SpeedTree9/SpeedTreeWindMotion.uasset" 222
"../../../Engine/Plugins/Editor/SpeedTreeImporter/Content/SpeedTree9/SpeedTreeWindMotion.uexp" 223
"../../../Engine/Plugins/Editor/SpeedTreeImporter/Content/SpeedTree9/SpeedTreeBranchMotion.uasset" 224
"../../../Engine/Plugins/Editor/SpeedTreeImporter/Content/SpeedTree9/SpeedTreeBranchMotion.uexp" 225
"../../../Engine/Content/Functions/Engine_MaterialFunctions02/ObjectLocalBounds.uasset" 226
"../../../Engine/Content/Functions/Engine_MaterialFunctions02/ObjectLocalBounds.uexp" 227
"../../../Engine/Content/Functions/Engine_MaterialFunctions02/UVs/BoundingBoxBased_0-1_UVW.uasset" 228
"../../../Engine/Content/Functions/Engine_MaterialFunctions02/UVs/BoundingBoxBased_0-1_UVW.uexp" 229
"../../../Engine/Plugins/Editor/SpeedTreeImporter/Content/SpeedTree9/SpeedTreeWind.uasset" 230
"../../../Engine/Plugins/Editor/SpeedTreeImporter/Content/SpeedTree9/SpeedTreeWind.uexp" 231
"../../../Engine/Plugins/Editor/SpeedTreeImporter/Content/SpeedTree9/EmptyNormal.uasset" 232
"../../../Engine/Plugins/Editor/SpeedTreeImporter/Content/SpeedTree9/EmptyNormal.uexp" 233
"../../../Engine/Plugins/Editor/SpeedTreeImporter/Content/SpeedTree9/Empty.uasset" 234
"../../../Engine/Plugins/Editor/SpeedTreeImporter/Content/SpeedTree9/Empty.uexp" 235
"../../../Engine/Plugins/Editor/SpeedTreeImporter/Content/SpeedTree9/SpeedTreeBillboard.uasset" 236
"../../../Engine/Plugins/Editor/SpeedTreeImporter/Content/SpeedTree9/SpeedTreeBillboard.uexp" 237
"../../../Engine/Plugins/Editor/SpeedTreeImporter/Content/SpeedTree9/SpeedTreeBillboardMaster.uasset" 238
"../../../Engine/Plugins/Editor/SpeedTreeImporter/Content/SpeedTree9/SpeedTreeBillboardMaster.uexp" 239
"../../../Engine/Plugins/Editor/SpeedTreeImporter/Content/SpeedTree9/SpeedTreeCameraFacing.uasset" 240
"../../../Engine/Plugins/Editor/SpeedTreeImporter/Content/SpeedTree9/SpeedTreeCameraFacing.uexp" 241
"../../../Engine/Plugins/Editor/SpeedTreeImporter/Content/SpeedTree9/SpeedTreeMaster.uasset" 242
"../../../Engine/Plugins/Editor/SpeedTreeImporter/Content/SpeedTree9/SpeedTreeMaster.uexp" 243
"../../../Engine/Plugins/Interchange/Assets/Content/Functions/MX_AbsorptionVDF.uasset" 244
"../../../Engine/Plugins/Interchange/Assets/Content/Functions/MX_AbsorptionVDF.uexp" 245
"../../../Engine/Plugins/Interchange/Assets/Content/Functions/MX_AnisotropicVDF.uasset" 246
"../../../Engine/Plugins/Interchange/Assets/Content/Functions/MX_AnisotropicVDF.uexp" 247
"../../../Engine/Plugins/Interchange/Assets/Content/Functions/MX_BurleyDiffuseBSDF.uasset" 248
"../../../Engine/Plugins/Interchange/Assets/Content/Functions/MX_BurleyDiffuseBSDF.uexp" 249
"../../../Engine/Plugins/Interchange/Assets/Content/Functions/MX_ConductorBSDF.uasset" 250
"../../../Engine/Plugins/Interchange/Assets/Content/Functions/MX_ConductorBSDF.uexp" 251
"../../../Engine/Plugins/Interchange/Assets/Content/Functions/MX_ConicalEDF.uasset" 252
"../../../Engine/Plugins/Interchange/Assets/Content/Functions/MX_ConicalEDF.uexp" 253
"../../../Engine/Plugins/Interchange/Assets/Content/Functions/MX_DielectricBSDF.uasset" 254
"../../../Engine/Plugins/Interchange/Assets/Content/Functions/MX_DielectricBSDF.uexp" 255
"../../../Engine/Content/Functions/Engine_MaterialFunctions02/Utility/BlendAngleCorrectedNormals.uasset" 256
"../../../Engine/Content/Functions/Engine_MaterialFunctions02/Utility/BlendAngleCorrectedNormals.uexp" 257
"../../../Engine/Plugins/Interchange/Assets/Content/Functions/MX_Displacement.uasset" 258
"../../../Engine/Plugins/Interchange/Assets/Content/Functions/MX_Displacement.uexp" 259
"../../../Engine/Plugins/Interchange/Assets/Content/Functions/MX_GeneralizedSchlickBSDF.uasset" 260
"../../../Engine/Plugins/Interchange/Assets/Content/Functions/MX_GeneralizedSchlickBSDF.uexp" 261
"../../../Engine/Plugins/Interchange/Assets/Content/Functions/MX_MeasuredEDF.uasset" 262
"../../../Engine/Plugins/Interchange/Assets/Content/Functions/MX_MeasuredEDF.uexp" 263
"../../../Engine/Plugins/Interchange/Assets/Content/Functions/MF_IridescenceNoLUT.uasset" 264
"../../../Engine/Plugins/Interchange/Assets/Content/Functions/MF_IridescenceNoLUT.uexp" 265
"../../../Engine/Plugins/Interchange/Assets/Content/Functions/MX_StandardSurface.uasset" 266
"../../../Engine/Plugins/Interchange/Assets/Content/Functions/MX_StandardSurface.uexp" 267
"../../../Engine/Plugins/Interchange/Assets/Content/Functions/MX_OpenPBR_Opaque.uasset" 268
"../../../Engine/Plugins/Interchange/Assets/Content/Functions/MX_OpenPBR_Opaque.uexp" 269
"../../../Engine/Plugins/Interchange/Assets/Content/Functions/MX_TransmissionSurface.uasset" 270
"../../../Engine/Plugins/Interchange/Assets/Content/Functions/MX_TransmissionSurface.uexp" 271
"../../../Engine/Plugins/Interchange/Assets/Content/Functions/MX_OpenPBR_Translucent.uasset" 272
"../../../Engine/Plugins/Interchange/Assets/Content/Functions/MX_OpenPBR_Translucent.uexp" 273
"../../../Engine/Plugins/Interchange/Assets/Content/Functions/MX_OrenNayarBSDF.uasset" 274
"../../../Engine/Plugins/Interchange/Assets/Content/Functions/MX_OrenNayarBSDF.uexp" 275
"../../../Engine/Plugins/Interchange/Assets/Content/Functions/MX_SheenBSDF.uasset" 276
"../../../Engine/Plugins/Interchange/Assets/Content/Functions/MX_SheenBSDF.uexp" 277
"../../../Engine/Plugins/Interchange/Assets/Content/Functions/MX_SubsurfaceBSDF.uasset" 278
"../../../Engine/Plugins/Interchange/Assets/Content/Functions/MX_SubsurfaceBSDF.uexp" 279
"../../../Engine/Plugins/Interchange/Assets/Content/Functions/MX_Surface.uasset" 280
"../../../Engine/Plugins/Interchange/Assets/Content/Functions/MX_Surface.uexp" 281
"../../../Engine/Plugins/Interchange/Assets/Content/Functions/MX_SurfaceUnlit.uasset" 282
"../../../Engine/Plugins/Interchange/Assets/Content/Functions/MX_SurfaceUnlit.uexp" 283
"../../../Engine/Plugins/Interchange/Assets/Content/Functions/MX_ThinFilmBSDF.uasset" 284
"../../../Engine/Plugins/Interchange/Assets/Content/Functions/MX_ThinFilmBSDF.uexp" 285
"../../../Engine/Plugins/Interchange/Assets/Content/Functions/MX_TranslucentBSDF.uasset" 286
"../../../Engine/Plugins/Interchange/Assets/Content/Functions/MX_TranslucentBSDF.uexp" 287
"../../../Engine/Plugins/Interchange/Assets/Content/Functions/MX_UniformEDF.uasset" 288
"../../../Engine/Plugins/Interchange/Assets/Content/Functions/MX_UniformEDF.uexp" 289
"../../../Engine/Plugins/Interchange/Assets/Content/Functions/MX_UsdPreviewSurface.uasset" 290
"../../../Engine/Plugins/Interchange/Assets/Content/Functions/MX_UsdPreviewSurface.uexp" 291
"../../../Engine/Plugins/Runtime/HairStrands/Content/Materials/HairCardsDefaultMaterial.uasset" 292
"../../../Engine/Plugins/Runtime/HairStrands/Content/Materials/HairCardsDefaultMaterial.uexp" 293
"../../../Engine/Content/Functions/Engine_MaterialFunctions02/Utility/MakeFloat2.uasset" 294
"../../../Engine/Content/Functions/Engine_MaterialFunctions02/Utility/MakeFloat2.uexp" 295
"../../../Engine/Content/Functions/Engine_MaterialFunctions02/Utility/MakeFloat3.uasset" 296
"../../../Engine/Content/Functions/Engine_MaterialFunctions02/Utility/MakeFloat3.uexp" 297
"../../../Engine/Plugins/Runtime/HairStrands/Content/Materials/HairGroupColors.uasset" 298
"../../../Engine/Plugins/Runtime/HairStrands/Content/Materials/HairGroupColors.uexp" 299
"../../../Engine/Content/EngineMaterials/HairColorMap.uasset" 300
"../../../Engine/Content/EngineMaterials/HairColorMap.uexp" 301
"../../../Engine/Content/EngineMaterials/HairDebugColor.uasset" 302
"../../../Engine/Content/EngineMaterials/HairDebugColor.uexp" 303
"../../../Engine/Plugins/Runtime/HairStrands/Content/Materials/HairDebugMaterial.uasset" 304
"../../../Engine/Plugins/Runtime/HairStrands/Content/Materials/HairDebugMaterial.uexp" 305
"../../../Engine/Plugins/Runtime/HairStrands/Content/Materials/HairDefaultMaterial.uasset" 306
"../../../Engine/Plugins/Runtime/HairStrands/Content/Materials/HairDefaultMaterial.uexp" 307
"../../../Engine/Plugins/Runtime/HairStrands/Content/Materials/HairMeshesDefaultMaterial.uasset" 308
"../../../Engine/Plugins/Runtime/HairStrands/Content/Materials/HairMeshesDefaultMaterial.uexp" 309
"../../../Engine/Plugins/VirtualProduction/CameraCalibrationCore/Content/Materials/M_DefaultEvenSquare.uasset" 310
"../../../Engine/Plugins/VirtualProduction/CameraCalibrationCore/Content/Materials/M_DefaultEvenSquare.uexp" 311
"../../../Engine/Plugins/VirtualProduction/CameraCalibrationCore/Content/Materials/M_DefaultOddSquare.uasset" 312
"../../../Engine/Plugins/VirtualProduction/CameraCalibrationCore/Content/Materials/M_DefaultOddSquare.uexp" 313
"../../../Engine/Content/EditorLandscapeResources/DefaultAlphaTexture.uasset" 314
"../../../Engine/Content/EditorLandscapeResources/DefaultAlphaTexture.uexp" 315
"../../../Engine/Content/EditorLandscapeResources/LandscapeDirtyMaterial.uasset" 316
"../../../Engine/Content/EditorLandscapeResources/LandscapeDirtyMaterial.uexp" 317
"../../../Engine/Content/Functions/Engine_MaterialFunctions02/Utility/BreakOutFloat2Components.uasset" 318
"../../../Engine/Content/Functions/Engine_MaterialFunctions02/Utility/BreakOutFloat2Components.uexp" 319
"../../../Engine/Content/Functions/Engine_MaterialFunctions01/Texturing/ScaleUVsByCenter.uasset" 320
"../../../Engine/Content/Functions/Engine_MaterialFunctions01/Texturing/ScaleUVsByCenter.uexp" 321
"../../../Engine/Content/Functions/Engine_MaterialFunctions02/WorldPositionOffset/LocalPosition.uasset" 322
"../../../Engine/Content/Functions/Engine_MaterialFunctions02/WorldPositionOffset/LocalPosition.uexp" 323
"../../../Engine/Content/EngineMaterials/DefaultDiffuse.ubulk" 324
"../../../Engine/Content/EngineMaterials/DefaultDiffuse.uasset" 325
"../../../Engine/Content/EngineMaterials/DefaultDiffuse.uexp" 326
"../../../Engine/Content/Functions/Engine_MaterialFunctions01/Texturing/TextureCropping.uasset" 327
"../../../Engine/Content/Functions/Engine_MaterialFunctions01/Texturing/TextureCropping.uexp" 328
"../../../Engine/Content/Functions/Engine_MaterialFunctions02/ExampleContent/DebugNumberStrip.uasset" 329
"../../../Engine/Content/Functions/Engine_MaterialFunctions02/ExampleContent/DebugNumberStrip.uexp" 330
"../../../Engine/Content/Functions/Engine_MaterialFunctions01/Debug/DebugIntValues.uasset" 331
"../../../Engine/Content/Functions/Engine_MaterialFunctions01/Debug/DebugIntValues.uexp" 332
"../../../Engine/Content/EditorLandscapeResources/LandscapeLayerUsageMaterial.uasset" 333
"../../../Engine/Content/EditorLandscapeResources/LandscapeLayerUsageMaterial.uexp" 334
"../../../Engine/Content/EditorLandscapeResources/WhiteSquareTexture.uasset" 335
"../../../Engine/Content/EditorLandscapeResources/WhiteSquareTexture.uexp" 336
"../../../Engine/Content/EditorLandscapeResources/LayerVisMaterial.uasset" 337
"../../../Engine/Content/EditorLandscapeResources/LayerVisMaterial.uexp" 338
"../../../Engine/Content/EditorMaterials/PhAT_NoCollisionMaterial.uasset" 339
"../../../Engine/Content/EditorMaterials/PhAT_NoCollisionMaterial.uexp" 340
"../../../Engine/Content/EditorMaterials/PhAT_UnselectedMaterial.uasset" 341
"../../../Engine/Content/EditorMaterials/PhAT_UnselectedMaterial.uexp" 342
"../../../Engine/Content/EditorMaterials/PreviewShadowIndicator.ubulk" 343
"../../../Engine/Content/EditorMaterials/PreviewShadowIndicator.uasset" 344
"../../../Engine/Content/EditorMaterials/PreviewShadowIndicator.uexp" 345
"../../../Engine/Content/EditorMaterials/PreviewShadowIndicatorMaterial.uasset" 346
"../../../Engine/Content/EditorMaterials/PreviewShadowIndicatorMaterial.uexp" 347
"../../../Engine/Content/EngineDebugMaterials/DebugEditorMaterial.uasset" 348
"../../../Engine/Content/EngineDebugMaterials/DebugEditorMaterial.uexp" 349
"../../../Engine/Content/EngineDebugMaterials/DebugMeshMaterial.uasset" 350
"../../../Engine/Content/EngineDebugMaterials/DebugMeshMaterial.uexp" 351
"../../../Engine/Content/EngineDebugMaterials/M_SimpleUnlitTranslucent.uasset" 352
"../../../Engine/Content/EngineDebugMaterials/M_SimpleUnlitTranslucent.uexp" 353
"../../../Engine/Content/Functions/Engine_MaterialFunctions02/Utility/CameraDirectionVector.uasset" 354
"../../../Engine/Content/Functions/Engine_MaterialFunctions02/Utility/CameraDirectionVector.uexp" 355
"../../../Engine/Content/EngineDebugMaterials/VolumeToRender.uasset" 356
"../../../Engine/Content/EngineDebugMaterials/VolumeToRender.uexp" 357
"../../../Engine/Content/EngineDebugMaterials/M_VolumeRenderSphereTracePP.uasset" 358
"../../../Engine/Content/EngineDebugMaterials/M_VolumeRenderSphereTracePP.uexp" 359
"../../../Engine/Content/EngineMaterials/DefaultDeferredDecalMaterial.uasset" 360
"../../../Engine/Content/EngineMaterials/DefaultDeferredDecalMaterial.uexp" 361
"../../../Engine/Content/EngineMaterials/DefaultLightFunctionMaterial.uasset" 362
"../../../Engine/Content/EngineMaterials/DefaultLightFunctionMaterial.uexp" 363
"../../../Engine/Content/EngineMaterials/DefaultPostProcessMaterial.uasset" 364
"../../../Engine/Content/EngineMaterials/DefaultPostProcessMaterial.uexp" 365
"../../../Engine/Content/EngineFonts/RobotoDistanceField.uasset" 366
"../../../Engine/Content/EngineFonts/RobotoDistanceField.uexp" 367
"../../../Engine/Content/EngineMaterials/DefaultTextMaterialOpaque.uasset" 368
"../../../Engine/Content/EngineMaterials/DefaultTextMaterialOpaque.uexp" 369
"../../../Engine/Content/EngineMaterials/DefaultWhiteGrid_Low.uasset" 370
"../../../Engine/Content/EngineMaterials/DefaultWhiteGrid_Low.uexp" 371
"../../../Engine/Content/EngineMaterials/EmissiveMeshMaterial.uasset" 372
"../../../Engine/Content/EngineMaterials/EmissiveMeshMaterial.uexp" 373
"../../../Engine/Content/EngineMaterials/BaseFlattenLinearColor.uasset" 374
"../../../Engine/Content/EngineMaterials/BaseFlattenLinearColor.uexp" 375
"../../../Engine/Content/EngineMaterials/BaseFlattenNormalMap.uasset" 376
"../../../Engine/Content/EngineMaterials/BaseFlattenNormalMap.uexp" 377
"../../../Engine/Content/EngineMaterials/BaseFlattenDiffuseMap.uasset" 378
"../../../Engine/Content/EngineMaterials/BaseFlattenDiffuseMap.uexp" 379
"../../../Engine/Content/EngineMaterials/BaseFlattenEmissiveMap.uasset" 380
"../../../Engine/Content/EngineMaterials/BaseFlattenEmissiveMap.uexp" 381
"../../../Engine/Content/EngineMaterials/BaseFlattenGrayscaleMap.uasset" 382
"../../../Engine/Content/EngineMaterials/BaseFlattenGrayscaleMap.uexp" 383
"../../../Engine/Content/Functions/Engine_MaterialFunctions02/PivotPainter2/Black_1x1_EXR_Texture.uasset" 384
"../../../Engine/Content/Functions/Engine_MaterialFunctions02/PivotPainter2/Black_1x1_EXR_Texture.uexp" 385
"../../../Engine/Content/EngineMaterials/FlattenMaterial.uasset" 386
"../../../Engine/Content/EngineMaterials/FlattenMaterial.uexp" 387
"../../../Engine/Content/EngineMaterials/BaseFlattenDiffuseMap_VT.ubulk" 388
"../../../Engine/Content/EngineMaterials/BaseFlattenDiffuseMap_VT.uasset" 389
"../../../Engine/Content/EngineMaterials/BaseFlattenDiffuseMap_VT.uexp" 390
"../../../Engine/Content/EngineMaterials/BaseFlattenEmissiveMap_VT.ubulk" 391
"../../../Engine/Content/EngineMaterials/BaseFlattenEmissiveMap_VT.uasset" 392
"../../../Engine/Content/EngineMaterials/BaseFlattenEmissiveMap_VT.uexp" 393
"../../../Engine/Content/EngineMaterials/BaseFlattenGrayscaleMap_VT.ubulk" 394
"../../../Engine/Content/EngineMaterials/BaseFlattenGrayscaleMap_VT.uasset" 395
"../../../Engine/Content/EngineMaterials/BaseFlattenGrayscaleMap_VT.uexp" 396
"../../../Engine/Content/EngineMaterials/BaseFlattenLinearColor_VT.ubulk" 397
"../../../Engine/Content/EngineMaterials/BaseFlattenLinearColor_VT.uasset" 398
"../../../Engine/Content/EngineMaterials/BaseFlattenLinearColor_VT.uexp" 399
"../../../Engine/Content/EngineMaterials/BaseFlattenNormalMap_VT.ubulk" 400
"../../../Engine/Content/EngineMaterials/BaseFlattenNormalMap_VT.uasset" 401
"../../../Engine/Content/EngineMaterials/BaseFlattenNormalMap_VT.uexp" 402
"../../../Engine/Content/EngineMaterials/Black_1x1_EXR_Texture_VT.ubulk" 403
"../../../Engine/Content/EngineMaterials/Black_1x1_EXR_Texture_VT.uasset" 404
"../../../Engine/Content/EngineMaterials/Black_1x1_EXR_Texture_VT.uexp" 405
"../../../Engine/Content/EngineMaterials/FlattenMaterial_VT.uasset" 406
"../../../Engine/Content/EngineMaterials/FlattenMaterial_VT.uexp" 407
"../../../Engine/Content/EngineMaterials/FlattenMaterial_WS_Normal_VT.uasset" 408
"../../../Engine/Content/EngineMaterials/FlattenMaterial_WS_Normal_VT.uexp" 409
"../../../Engine/Content/EngineMaterials/GizmoMaterial.uasset" 410
"../../../Engine/Content/EngineMaterials/GizmoMaterial.uexp" 411
"../../../Engine/Content/EngineMaterials/InvalidLightmapSettings.ubulk" 412
"../../../Engine/Content/EngineMaterials/InvalidLightmapSettings.uasset" 413
"../../../Engine/Content/EngineMaterials/InvalidLightmapSettings.uexp" 414
"../../../Engine/Content/EngineMaterials/M_InvalidLightmapSettings.uasset" 415
"../../../Engine/Content/EngineMaterials/M_InvalidLightmapSettings.uexp" 416
"../../../Engine/Content/EngineMaterials/NaniteHiddenSectionMaterial.uasset" 417
"../../../Engine/Content/EngineMaterials/NaniteHiddenSectionMaterial.uexp" 418
"../../../Engine/Content/Functions/Engine_MaterialFunctions02/WorldPositionOffset/CameraOffset.uasset" 419
"../../../Engine/Content/Functions/Engine_MaterialFunctions02/WorldPositionOffset/CameraOffset.uexp" 420
"../../../Engine/Content/EngineMaterials/PhAT_JointLimitMaterial.uasset" 421
"../../../Engine/Content/EngineMaterials/PhAT_JointLimitMaterial.uexp" 422
"../../../Engine/Content/EngineMaterials/DefaultCalibrationColor.uasset" 423
"../../../Engine/Content/EngineMaterials/DefaultCalibrationColor.uexp" 424
"../../../Engine/Content/EngineMaterials/PPM_DefaultCalibrationColor.uasset" 425
"../../../Engine/Content/EngineMaterials/PPM_DefaultCalibrationColor.uexp" 426
"../../../Engine/Content/EngineMaterials/DefaultCalibrationGrayscale.uasset" 427
"../../../Engine/Content/EngineMaterials/DefaultCalibrationGrayscale.uexp" 428
"../../../Engine/Content/EngineMaterials/PPM_DefaultCalibrationGrayscale.uasset" 429
"../../../Engine/Content/EngineMaterials/PPM_DefaultCalibrationGrayscale.uexp" 430
"../../../Engine/Content/EngineMaterials/RemoveSurfaceMaterial.uasset" 431
"../../../Engine/Content/EngineMaterials/RemoveSurfaceMaterial.uexp" 432
"../../../Engine/Content/BasicShapes/BasicShapeMaterial.uasset" 433
"../../../Engine/Content/BasicShapes/BasicShapeMaterial.uexp" 434
"../../../Engine/Plugins/Animation/ControlRig/Content/M_Manip.uasset" 435
"../../../Engine/Plugins/Animation/ControlRig/Content/M_Manip.uexp" 436
"../../../Engine/Content/EngineMeshes/Sphere.ubulk" 437
"../../../Engine/Content/EngineMeshes/Sphere.uasset" 438
"../../../Engine/Content/EngineMeshes/Sphere.uexp" 439
"../../../Engine/Content/EngineResources/DefaultTextureCube.uasset" 440
"../../../Engine/Content/EngineResources/DefaultTextureCube.uexp" 441
"../../../Engine/Content/VREditor/TransformGizmo/Xray.uasset" 442
"../../../Engine/Content/VREditor/TransformGizmo/Xray.uexp" 443
"../../../Engine/Content/VREditor/TransformGizmo/Main.uasset" 444
"../../../Engine/Content/VREditor/TransformGizmo/Main.uexp" 445
"../../../Engine/Content/VREditor/TransformGizmo/SM_Sequencer_Node.ubulk" 446
"../../../Engine/Content/VREditor/TransformGizmo/SM_Sequencer_Node.uasset" 447
"../../../Engine/Content/VREditor/TransformGizmo/SM_Sequencer_Node.uexp" 448
"../../../Engine/Content/EditorMaterials/Camera/CineMat.uasset" 449
"../../../Engine/Content/EditorMaterials/Camera/CineMat.uexp" 450
"../../../Engine/Content/EditorMaterials/Camera/MI_CineMat_Rig.uasset" 451
"../../../Engine/Content/EditorMaterials/Camera/MI_CineMat_Rig.uexp" 452
"../../../Engine/Content/EditorMeshes/Camera/SM_CraneRig_Base.ubulk" 453
"../../../Engine/Content/EditorMeshes/Camera/SM_CraneRig_Base.uasset" 454
"../../../Engine/Content/EditorMeshes/Camera/SM_CraneRig_Base.uexp" 455
"../../../Engine/Content/EditorMeshes/Camera/SM_CraneRig_Arm.ubulk" 456
"../../../Engine/Content/EditorMeshes/Camera/SM_CraneRig_Arm.uasset" 457
"../../../Engine/Content/EditorMeshes/Camera/SM_CraneRig_Arm.uexp" 458
"../../../Engine/Content/EditorMeshes/Camera/SM_CraneRig_Mount.ubulk" 459
"../../../Engine/Content/EditorMeshes/Camera/SM_CraneRig_Mount.uasset" 460
"../../../Engine/Content/EditorMeshes/Camera/SM_CraneRig_Mount.uexp" 461
"../../../Engine/Content/EditorMeshes/Camera/SM_CraneRig_Body.ubulk" 462
"../../../Engine/Content/EditorMeshes/Camera/SM_CraneRig_Body.uasset" 463
"../../../Engine/Content/EditorMeshes/Camera/SM_CraneRig_Body.uexp" 464
"../../../Engine/Content/EditorMeshes/Camera/SM_RailRig_Track.ubulk" 465
"../../../Engine/Content/EditorMeshes/Camera/SM_RailRig_Track.uasset" 466
"../../../Engine/Content/EditorMeshes/Camera/SM_RailRig_Track.uexp" 467
"../../../Engine/Content/EditorMeshes/Camera/SM_RailRig_Mount.ubulk" 468
"../../../Engine/Content/EditorMeshes/Camera/SM_RailRig_Mount.uasset" 469
"../../../Engine/Content/EditorMeshes/Camera/SM_RailRig_Mount.uexp" 470
"../../../Engine/Content/ArtTools/RenderToTexture/Meshes/S_1_Unit_Plane.ubulk" 471
"../../../Engine/Content/ArtTools/RenderToTexture/Meshes/S_1_Unit_Plane.uasset" 472
"../../../Engine/Content/ArtTools/RenderToTexture/Meshes/S_1_Unit_Plane.uexp" 473
"../../../Engine/Content/EngineMaterials/Substrate/GLints/AGlintTex2dArray.uasset" 474
"../../../Engine/Content/EngineMaterials/Substrate/GLints/AGlintTex2dArray.uexp" 475
"../../../Engine/Content/EngineMaterials/Substrate/Glints2/AGlintTex2dArray2.uasset" 476
"../../../Engine/Content/EngineMaterials/Substrate/Glints2/AGlintTex2dArray2.uexp" 477
"../../../Engine/Content/EngineMaterials/Substrate/Volume/SubstrateSimpleVolumeEnvLUT3D.uasset" 478
"../../../Engine/Content/EngineMaterials/Substrate/Volume/SubstrateSimpleVolumeEnvLUT3D.uexp" 479
"../../../Engine/Content/EngineMaterials/Substrate/Volume/SubstrateSimpleVolumeLUT3D.uasset" 480
"../../../Engine/Content/EngineMaterials/Substrate/Volume/SubstrateSimpleVolumeLUT3D.uexp" 481
"../../../Engine/Plugins/Interchange/Assets/Content/Utilities/New_LUT.uasset" 482
"../../../Engine/Plugins/Interchange/Assets/Content/Utilities/New_LUT.uexp" 483
"../../../Engine/Content/Functions/Engine_MaterialFunctions03/Math/RemapValueRange.uasset" 484
"../../../Engine/Content/Functions/Engine_MaterialFunctions03/Math/RemapValueRange.uexp" 485
"../../../Engine/Plugins/Interchange/Assets/Content/Functions/MF_Iridescence.uasset" 486
"../../../Engine/Plugins/Interchange/Assets/Content/Functions/MF_Iridescence.uexp" 487
"../../../Engine/Plugins/Interchange/Assets/Content/gltf/Textures/T_White_srgb.uasset" 488
"../../../Engine/Plugins/Interchange/Assets/Content/gltf/Textures/T_White_srgb.uexp" 489
"../../../Engine/Plugins/Interchange/Assets/Content/gltf/MaterialFunctions/MF_BaseColor.uasset" 490
"../../../Engine/Plugins/Interchange/Assets/Content/gltf/MaterialFunctions/MF_BaseColor.uexp" 491
"../../../Engine/Plugins/Interchange/Assets/Content/gltf/MaterialFunctions/MF_RotateV2.uasset" 492
"../../../Engine/Plugins/Interchange/Assets/Content/gltf/MaterialFunctions/MF_RotateV2.uexp" 493
"../../../Engine/Plugins/Interchange/Assets/Content/gltf/MaterialFunctions/MF_TransformUVs.uasset" 494
"../../../Engine/Plugins/Interchange/Assets/Content/gltf/MaterialFunctions/MF_TransformUVs.uexp" 495
"../../../Engine/Plugins/Interchange/Assets/Content/gltf/MaterialFunctions/MF_IOR.uasset" 496
"../../../Engine/Plugins/Interchange/Assets/Content/gltf/MaterialFunctions/MF_IOR.uexp" 497
"../../../Engine/Plugins/Interchange/Assets/Content/gltf/MaterialFunctions/MF_Iridescence.uasset" 498
"../../../Engine/Plugins/Interchange/Assets/Content/gltf/MaterialFunctions/MF_Iridescence.uexp" 499
"../../../Engine/Plugins/Interchange/Assets/Content/gltf/Textures/T_White_Linear.uasset" 500
"../../../Engine/Plugins/Interchange/Assets/Content/gltf/Textures/T_White_Linear.uexp" 501
"../../../Engine/Plugins/Interchange/Assets/Content/gltf/MaterialFunctions/MF_MetallicRoughness.uasset" 502
"../../../Engine/Plugins/Interchange/Assets/Content/gltf/MaterialFunctions/MF_MetallicRoughness.uexp" 503
"../../../Engine/Content/Functions/Engine_MaterialFunctions02/Math/Transform3x3Matrix.uasset" 504
"../../../Engine/Content/Functions/Engine_MaterialFunctions02/Math/Transform3x3Matrix.uexp" 505
"../../../Engine/Plugins/Interchange/Assets/Content/gltf/MaterialFunctions/MF_RotateNormals_TS.uasset" 506
"../../../Engine/Plugins/Interchange/Assets/Content/gltf/MaterialFunctions/MF_RotateNormals_TS.uexp" 507
"../../../Engine/Plugins/Interchange/Assets/Content/gltf/MaterialFunctions/MF_ScaleNormal.uasset" 508
"../../../Engine/Plugins/Interchange/Assets/Content/gltf/MaterialFunctions/MF_ScaleNormal.uexp" 509
"../../../Engine/Plugins/Interchange/Assets/Content/gltf/Textures/T_Generic_N.uasset" 510
"../../../Engine/Plugins/Interchange/Assets/Content/gltf/Textures/T_Generic_N.uexp" 511
"../../../Engine/Plugins/Interchange/Assets/Content/gltf/MaterialFunctions/MF_Normals.uasset" 512
"../../../Engine/Plugins/Interchange/Assets/Content/gltf/MaterialFunctions/MF_Normals.uexp" 513
"../../../Engine/Plugins/Interchange/Assets/Content/gltf/MaterialFunctions/MF_Occlusion.uasset" 514
"../../../Engine/Plugins/Interchange/Assets/Content/gltf/MaterialFunctions/MF_Occlusion.uexp" 515
"../../../Engine/Plugins/Interchange/Assets/Content/gltf/MaterialFunctions/MF_Specular.uasset" 516
"../../../Engine/Plugins/Interchange/Assets/Content/gltf/MaterialFunctions/MF_Specular.uexp" 517
"../../../Engine/Plugins/Interchange/Assets/Content/gltf/Textures/T_Anisotropy_Direction_Linear.uasset" 518
"../../../Engine/Plugins/Interchange/Assets/Content/gltf/Textures/T_Anisotropy_Direction_Linear.uexp" 519
"../../../Engine/Plugins/Interchange/Assets/Content/gltf/MaterialFunctions/MF_SpecularAnisotropy.uasset" 520
"../../../Engine/Plugins/Interchange/Assets/Content/gltf/MaterialFunctions/MF_SpecularAnisotropy.uexp" 521
"../../../Engine/Plugins/Interchange/Assets/Content/gltf/MaterialFunctions/MF_Emissive.uasset" 522
"../../../Engine/Plugins/Interchange/Assets/Content/gltf/MaterialFunctions/MF_Emissive.uexp" 523
"../../../Engine/Content/Functions/Engine_MaterialFunctions01/Texturing/FlattenNormal.uasset" 524
"../../../Engine/Content/Functions/Engine_MaterialFunctions01/Texturing/FlattenNormal.uexp" 525
"../../../Engine/Plugins/Interchange/Assets/Content/gltf/MaterialFunctions/MF_Clearcoat.uasset" 526
"../../../Engine/Plugins/Interchange/Assets/Content/gltf/MaterialFunctions/MF_Clearcoat.uexp" 527
"../../../Engine/Plugins/Interchange/Assets/Content/gltf/MaterialBodies/MF_ClearCoat_Body.uasset" 528
"../../../Engine/Plugins/Interchange/Assets/Content/gltf/MaterialBodies/MF_ClearCoat_Body.uexp" 529
"../../../Engine/Plugins/Interchange/Assets/Content/gltf/M_ClearCoat.uasset" 530
"../../../Engine/Plugins/Interchange/Assets/Content/gltf/M_ClearCoat.uexp" 531
"../../../Engine/Plugins/Interchange/Assets/Content/gltf/MaterialInstances/MI_ClearCoat_Blend.uasset" 532
"../../../Engine/Plugins/Interchange/Assets/Content/gltf/MaterialInstances/MI_ClearCoat_Blend.uexp" 533
"../../../Engine/Plugins/Interchange/Assets/Content/gltf/MaterialInstances/MI_ClearCoat_Blend_DS.uasset" 534
"../../../Engine/Plugins/Interchange/Assets/Content/gltf/MaterialInstances/MI_ClearCoat_Blend_DS.uexp" 535
"../../../Engine/Plugins/Interchange/Assets/Content/gltf/MaterialInstances/MI_ClearCoat_Mask.uasset" 536
"../../../Engine/Plugins/Interchange/Assets/Content/gltf/MaterialInstances/MI_ClearCoat_Mask.uexp" 537
"../../../Engine/Plugins/Interchange/Assets/Content/gltf/MaterialInstances/MI_ClearCoat_Mask_DS.uasset" 538
"../../../Engine/Plugins/Interchange/Assets/Content/gltf/MaterialInstances/MI_ClearCoat_Mask_DS.uexp" 539
"../../../Engine/Plugins/Interchange/Assets/Content/gltf/MaterialInstances/MI_ClearCoat_Opaque.uasset" 540
"../../../Engine/Plugins/Interchange/Assets/Content/gltf/MaterialInstances/MI_ClearCoat_Opaque.uexp" 541
"../../../Engine/Plugins/Interchange/Assets/Content/gltf/MaterialInstances/MI_ClearCoat_Opaque_DS.uasset" 542
"../../../Engine/Plugins/Interchange/Assets/Content/gltf/MaterialInstances/MI_ClearCoat_Opaque_DS.uexp" 543
"../../../Engine/Plugins/Interchange/Assets/Content/gltf/MaterialBodies/MF_Default_Body.uasset" 544
"../../../Engine/Plugins/Interchange/Assets/Content/gltf/MaterialBodies/MF_Default_Body.uexp" 545
"../../../Engine/Plugins/Interchange/Assets/Content/gltf/M_Default.uasset" 546
"../../../Engine/Plugins/Interchange/Assets/Content/gltf/M_Default.uexp" 547
"../../../Engine/Plugins/Interchange/Assets/Content/gltf/MaterialInstances/MI_Default_Blend.uasset" 548
"../../../Engine/Plugins/Interchange/Assets/Content/gltf/MaterialInstances/MI_Default_Blend.uexp" 549
"../../../Engine/Plugins/Interchange/Assets/Content/gltf/MaterialInstances/MI_Default_Blend_DS.uasset" 550
"../../../Engine/Plugins/Interchange/Assets/Content/gltf/MaterialInstances/MI_Default_Blend_DS.uexp" 551
"../../../Engine/Plugins/Interchange/Assets/Content/gltf/MaterialInstances/MI_Default_Mask.uasset" 552
"../../../Engine/Plugins/Interchange/Assets/Content/gltf/MaterialInstances/MI_Default_Mask.uexp" 553
"../../../Engine/Plugins/Interchange/Assets/Content/gltf/MaterialInstances/MI_Default_Mask_DS.uasset" 554
"../../../Engine/Plugins/Interchange/Assets/Content/gltf/MaterialInstances/MI_Default_Mask_DS.uexp" 555
"../../../Engine/Plugins/Interchange/Assets/Content/gltf/MaterialInstances/MI_Default_Opaque.uasset" 556
"../../../Engine/Plugins/Interchange/Assets/Content/gltf/MaterialInstances/MI_Default_Opaque.uexp" 557
"../../../Engine/Plugins/Interchange/Assets/Content/gltf/MaterialInstances/MI_Default_Opaque_DS.uasset" 558
"../../../Engine/Plugins/Interchange/Assets/Content/gltf/MaterialInstances/MI_Default_Opaque_DS.uexp" 559
"../../../Engine/Plugins/Interchange/Assets/Content/gltf/MaterialFunctions/MF_Sheen.uasset" 560
"../../../Engine/Plugins/Interchange/Assets/Content/gltf/MaterialFunctions/MF_Sheen.uexp" 561
"../../../Engine/Plugins/Interchange/Assets/Content/gltf/MaterialBodies/MF_Sheen_Body.uasset" 562
"../../../Engine/Plugins/Interchange/Assets/Content/gltf/MaterialBodies/MF_Sheen_Body.uexp" 563
"../../../Engine/Plugins/Interchange/Assets/Content/gltf/M_Sheen.uasset" 564
"../../../Engine/Plugins/Interchange/Assets/Content/gltf/M_Sheen.uexp" 565
"../../../Engine/Plugins/Interchange/Assets/Content/gltf/MaterialInstances/MI_Sheen_Blend.uasset" 566
"../../../Engine/Plugins/Interchange/Assets/Content/gltf/MaterialInstances/MI_Sheen_Blend.uexp" 567
"../../../Engine/Plugins/Interchange/Assets/Content/gltf/MaterialInstances/MI_Sheen_Blend_DS.uasset" 568
"../../../Engine/Plugins/Interchange/Assets/Content/gltf/MaterialInstances/MI_Sheen_Blend_DS.uexp" 569
"../../../Engine/Plugins/Interchange/Assets/Content/gltf/MaterialInstances/MI_Sheen_Mask.uasset" 570
"../../../Engine/Plugins/Interchange/Assets/Content/gltf/MaterialInstances/MI_Sheen_Mask.uexp" 571
"../../../Engine/Plugins/Interchange/Assets/Content/gltf/MaterialInstances/MI_Sheen_Mask_DS.uasset" 572
"../../../Engine/Plugins/Interchange/Assets/Content/gltf/MaterialInstances/MI_Sheen_Mask_DS.uexp" 573
"../../../Engine/Plugins/Interchange/Assets/Content/gltf/MaterialInstances/MI_Sheen_Opaque.uasset" 574
"../../../Engine/Plugins/Interchange/Assets/Content/gltf/MaterialInstances/MI_Sheen_Opaque.uexp" 575
"../../../Engine/Plugins/Interchange/Assets/Content/gltf/MaterialInstances/MI_Sheen_Opaque_DS.uasset" 576
"../../../Engine/Plugins/Interchange/Assets/Content/gltf/MaterialInstances/MI_Sheen_Opaque_DS.uexp" 577
"../../../Engine/Content/Functions/Engine_MaterialFunctions02/Math/AddComponents.uasset" 578
"../../../Engine/Content/Functions/Engine_MaterialFunctions02/Math/AddComponents.uexp" 579
"../../../Engine/Plugins/Interchange/Assets/Content/gltf/MaterialFunctions/MF_DiffuseSpecGloss.uasset" 580
"../../../Engine/Plugins/Interchange/Assets/Content/gltf/MaterialFunctions/MF_DiffuseSpecGloss.uexp" 581
"../../../Engine/Plugins/Interchange/Assets/Content/gltf/MaterialFunctions/MF_MaxComponentValue.uasset" 582
"../../../Engine/Plugins/Interchange/Assets/Content/gltf/MaterialFunctions/MF_MaxComponentValue.uexp" 583
"../../../Engine/Plugins/Interchange/Assets/Content/gltf/MaterialFunctions/MF_PerceivedBrightness.uasset" 584
"../../../Engine/Plugins/Interchange/Assets/Content/gltf/MaterialFunctions/MF_PerceivedBrightness.uexp" 585
"../../../Engine/Plugins/Interchange/Assets/Content/gltf/MaterialFunctions/MF_SpecGlossToMetalRoughness.uasset" 586
"../../../Engine/Plugins/Interchange/Assets/Content/gltf/MaterialFunctions/MF_SpecGlossToMetalRoughness.uexp" 587
"../../../Engine/Plugins/Interchange/Assets/Content/gltf/MaterialBodies/MF_SpecularGlossiness_Body.uasset" 588
"../../../Engine/Plugins/Interchange/Assets/Content/gltf/MaterialBodies/MF_SpecularGlossiness_Body.uexp" 589
"../../../Engine/Plugins/Interchange/Assets/Content/gltf/M_SpecularGlossiness.uasset" 590
"../../../Engine/Plugins/Interchange/Assets/Content/gltf/M_SpecularGlossiness.uexp" 591
"../../../Engine/Plugins/Interchange/Assets/Content/gltf/MaterialInstances/MI_SpecularGlossiness_Blend.uasset" 592
"../../../Engine/Plugins/Interchange/Assets/Content/gltf/MaterialInstances/MI_SpecularGlossiness_Blend.uexp" 593
"../../../Engine/Plugins/Interchange/Assets/Content/gltf/MaterialInstances/MI_SpecularGlossiness_Blend_DS.uasset" 594
"../../../Engine/Plugins/Interchange/Assets/Content/gltf/MaterialInstances/MI_SpecularGlossiness_Blend_DS.uexp" 595
"../../../Engine/Plugins/Interchange/Assets/Content/gltf/MaterialInstances/MI_SpecularGlossiness_Mask.uasset" 596
"../../../Engine/Plugins/Interchange/Assets/Content/gltf/MaterialInstances/MI_SpecularGlossiness_Mask.uexp" 597
"../../../Engine/Plugins/Interchange/Assets/Content/gltf/MaterialInstances/MI_SpecularGlossiness_Mask_DS.uasset" 598
"../../../Engine/Plugins/Interchange/Assets/Content/gltf/MaterialInstances/MI_SpecularGlossiness_Mask_DS.uexp" 599
"../../../Engine/Plugins/Interchange/Assets/Content/gltf/MaterialInstances/MI_SpecularGlossiness_Opaque.uasset" 600
"../../../Engine/Plugins/Interchange/Assets/Content/gltf/MaterialInstances/MI_SpecularGlossiness_Opaque.uexp" 601
"../../../Engine/Plugins/Interchange/Assets/Content/gltf/MaterialInstances/MI_SpecularGlossiness_Opaque_DS.uasset" 602
"../../../Engine/Plugins/Interchange/Assets/Content/gltf/MaterialInstances/MI_SpecularGlossiness_Opaque_DS.uexp" 603
"../../../Engine/Content/EngineMaterials/Good64x64TilingNoiseHighFreq.uasset" 604
"../../../Engine/Content/EngineMaterials/Good64x64TilingNoiseHighFreq.uexp" 605
"../../../Engine/Content/Functions/Engine_MaterialFunctions02/Texturing/ScreenAlignedPixelToPixelUVs.uasset" 606
"../../../Engine/Content/Functions/Engine_MaterialFunctions02/Texturing/ScreenAlignedPixelToPixelUVs.uexp" 607
"../../../Engine/Plugins/Interchange/Assets/Content/gltf/MaterialFunctions/MF_Fresnel_DS.uasset" 608
"../../../Engine/Plugins/Interchange/Assets/Content/gltf/MaterialFunctions/MF_Fresnel_DS.uexp" 609
"../../../Engine/Plugins/Interchange/Assets/Content/gltf/MaterialFunctions/MF_Temporal_Blur.uasset" 610
"../../../Engine/Plugins/Interchange/Assets/Content/gltf/MaterialFunctions/MF_Temporal_Blur.uexp" 611
"../../../Engine/Plugins/Interchange/Assets/Content/gltf/MaterialFunctions/MF_Transmission.uasset" 612
"../../../Engine/Plugins/Interchange/Assets/Content/gltf/MaterialFunctions/MF_Transmission.uexp" 613
"../../../Engine/Plugins/Interchange/Assets/Content/gltf/MaterialBodies/MF_Transmission_Body.uasset" 614
"../../../Engine/Plugins/Interchange/Assets/Content/gltf/MaterialBodies/MF_Transmission_Body.uexp" 615
"../../../Engine/Plugins/Interchange/Assets/Content/gltf/M_Transmission.uasset" 616
"../../../Engine/Plugins/Interchange/Assets/Content/gltf/M_Transmission.uexp" 617
"../../../Engine/Plugins/Interchange/Assets/Content/gltf/MaterialInstances/MI_Transmission.uasset" 618
"../../../Engine/Plugins/Interchange/Assets/Content/gltf/MaterialInstances/MI_Transmission.uexp" 619
"../../../Engine/Plugins/Interchange/Assets/Content/gltf/MaterialInstances/MI_Transmission_DS.uasset" 620
"../../../Engine/Plugins/Interchange/Assets/Content/gltf/MaterialInstances/MI_Transmission_DS.uexp" 621
"../../../Engine/Plugins/Interchange/Assets/Content/gltf/MaterialBodies/MF_Unlit_Body.uasset" 622
"../../../Engine/Plugins/Interchange/Assets/Content/gltf/MaterialBodies/MF_Unlit_Body.uexp" 623
"../../../Engine/Plugins/Interchange/Assets/Content/gltf/M_Unlit.uasset" 624
"../../../Engine/Plugins/Interchange/Assets/Content/gltf/M_Unlit.uexp" 625
"../../../Engine/Plugins/Interchange/Assets/Content/gltf/MaterialInstances/MI_Unlit_Blend.uasset" 626
"../../../Engine/Plugins/Interchange/Assets/Content/gltf/MaterialInstances/MI_Unlit_Blend.uexp" 627
"../../../Engine/Plugins/Interchange/Assets/Content/gltf/MaterialInstances/MI_Unlit_Blend_DS.uasset" 628
"../../../Engine/Plugins/Interchange/Assets/Content/gltf/MaterialInstances/MI_Unlit_Blend_DS.uexp" 629
"../../../Engine/Plugins/Interchange/Assets/Content/gltf/MaterialInstances/MI_Unlit_Mask.uasset" 630
"../../../Engine/Plugins/Interchange/Assets/Content/gltf/MaterialInstances/MI_Unlit_Mask.uexp" 631
"../../../Engine/Plugins/Interchange/Assets/Content/gltf/MaterialInstances/MI_Unlit_Mask_DS.uasset" 632
"../../../Engine/Plugins/Interchange/Assets/Content/gltf/MaterialInstances/MI_Unlit_Mask_DS.uexp" 633
"../../../Engine/Plugins/Interchange/Assets/Content/gltf/MaterialInstances/MI_Unlit_Opaque.uasset" 634
"../../../Engine/Plugins/Interchange/Assets/Content/gltf/MaterialInstances/MI_Unlit_Opaque.uexp" 635
"../../../Engine/Plugins/Interchange/Assets/Content/gltf/MaterialInstances/MI_Unlit_Opaque_DS.uasset" 636
"../../../Engine/Plugins/Interchange/Assets/Content/gltf/MaterialInstances/MI_Unlit_Opaque_DS.uexp" 637
"../../../Engine/Content/Functions/Engine_MaterialFunctions01/Gradient/LinearGradient.uasset" 638
"../../../Engine/Content/Functions/Engine_MaterialFunctions01/Gradient/LinearGradient.uexp" 639
"../../../Engine/Content/Functions/Engine_MaterialFunctions01/ImageAdjustment/CheapContrast.uasset" 640
"../../../Engine/Content/Functions/Engine_MaterialFunctions01/ImageAdjustment/CheapContrast.uexp" 641
"C:/Unreal Project/Finalproject_2025_2 5.6/Content/LevelPrototyping/Textures/T_GridChecker_A.ubulk" 642
"C:/Unreal Project/Finalproject_2025_2 5.6/Content/LevelPrototyping/Textures/T_GridChecker_A.uasset" 643
"C:/Unreal Project/Finalproject_2025_2 5.6/Content/LevelPrototyping/Textures/T_GridChecker_A.uexp" 644
"C:/Unreal Project/Finalproject_2025_2 5.6/Content/LevelPrototyping/Materials/MF_ProcGrid.uasset" 645
"C:/Unreal Project/Finalproject_2025_2 5.6/Content/LevelPrototyping/Materials/MF_ProcGrid.uexp" 646
"C:/Unreal Project/Finalproject_2025_2 5.6/Content/LevelPrototyping/Materials/M_PrototypeGrid.uasset" 647
"C:/Unreal Project/Finalproject_2025_2 5.6/Content/LevelPrototyping/Materials/M_PrototypeGrid.uexp" 648
"C:/Unreal Project/Finalproject_2025_2 5.6/Content/LevelPrototyping/Materials/MI_PrototypeGrid_TopDark.uasset" 649
"C:/Unreal Project/Finalproject_2025_2 5.6/Content/LevelPrototyping/Materials/MI_PrototypeGrid_TopDark.uexp" 650
"C:/Unreal Project/Finalproject_2025_2 5.6/Content/LevelPrototyping/Materials/M_Solid.uasset" 651
"C:/Unreal Project/Finalproject_2025_2 5.6/Content/LevelPrototyping/Materials/M_Solid.uexp" 652
"C:/Unreal Project/Finalproject_2025_2 5.6/Content/LevelPrototyping/Materials/MI_Solid_Blue.uasset" 653
"C:/Unreal Project/Finalproject_2025_2 5.6/Content/LevelPrototyping/Materials/MI_Solid_Blue.uexp" 654
"C:/Unreal Project/Finalproject_2025_2 5.6/Content/LevelPrototyping/Meshes/SM_ChamferCube.ubulk" 655
"C:/Unreal Project/Finalproject_2025_2 5.6/Content/LevelPrototyping/Meshes/SM_ChamferCube.uasset" 656
"C:/Unreal Project/Finalproject_2025_2 5.6/Content/LevelPrototyping/Meshes/SM_ChamferCube.uexp" 657
"C:/Unreal Project/Finalproject_2025_2 5.6/Content/LevelPrototyping/Materials/MI_PrototypeGrid_Gray.uasset" 658
"C:/Unreal Project/Finalproject_2025_2 5.6/Content/LevelPrototyping/Materials/MI_PrototypeGrid_Gray.uexp" 659
"C:/Unreal Project/Finalproject_2025_2 5.6/Content/LevelPrototyping/Meshes/SM_Cube.ubulk" 660
"C:/Unreal Project/Finalproject_2025_2 5.6/Content/LevelPrototyping/Meshes/SM_Cube.uasset" 661
"C:/Unreal Project/Finalproject_2025_2 5.6/Content/LevelPrototyping/Meshes/SM_Cube.uexp" 662
"C:/Unreal Project/Finalproject_2025_2 5.6/Content/LevelPrototyping/Meshes/SM_QuarterCylinder.ubulk" 663
"C:/Unreal Project/Finalproject_2025_2 5.6/Content/LevelPrototyping/Meshes/SM_QuarterCylinder.uasset" 664
"C:/Unreal Project/Finalproject_2025_2 5.6/Content/LevelPrototyping/Meshes/SM_QuarterCylinder.uexp" 665
"C:/Unreal Project/Finalproject_2025_2 5.6/Content/LevelPrototyping/Meshes/SM_Ramp.ubulk" 666
"C:/Unreal Project/Finalproject_2025_2 5.6/Content/LevelPrototyping/Meshes/SM_Ramp.uasset" 667
"C:/Unreal Project/Finalproject_2025_2 5.6/Content/LevelPrototyping/Meshes/SM_Ramp.uexp" 668
"../../../Engine/Content/VREditor/LaserPointer/VR_LaserPower_01.ubulk" 669
"../../../Engine/Content/VREditor/LaserPointer/VR_LaserPower_01.uasset" 670
"../../../Engine/Content/VREditor/LaserPointer/VR_LaserPower_01.uexp" 671
"../../../Engine/Content/VREditor/TransformGizmo/TransformGizmoMaterial.uasset" 672
"../../../Engine/Content/VREditor/TransformGizmo/TransformGizmoMaterial.uexp" 673
"../../../Engine/Content/VREditor/TransformGizmo/TranslucentTransformGizmoMaterial.uasset" 674
"../../../Engine/Content/VREditor/TransformGizmo/TranslucentTransformGizmoMaterial.uexp" 675
"../../../Engine/Content/VREditor/TransformGizmo/BoundingBoxCorner.ubulk" 676
"../../../Engine/Content/VREditor/TransformGizmo/BoundingBoxCorner.uasset" 677
"../../../Engine/Content/VREditor/TransformGizmo/BoundingBoxCorner.uexp" 678
"../../../Engine/Content/VREditor/TransformGizmo/BoundingBoxEdge.ubulk" 679
"../../../Engine/Content/VREditor/TransformGizmo/BoundingBoxEdge.uasset" 680
"../../../Engine/Content/VREditor/TransformGizmo/BoundingBoxEdge.uexp" 681
"../../../Engine/Content/EngineSky/VolumetricClouds/VT_PerlinWorley_Balanced.uasset" 682
"../../../Engine/Content/EngineSky/VolumetricClouds/VT_PerlinWorley_Balanced.uexp" 683
"../../../Engine/Content/EngineSky/VolumetricClouds/T_Profile_08.ubulk" 684
"../../../Engine/Content/EngineSky/VolumetricClouds/T_Profile_08.uasset" 685
"../../../Engine/Content/EngineSky/VolumetricClouds/T_Profile_08.uexp" 686
"../../../Engine/Content/EngineSky/VolumetricClouds/T_CloudPattern.ubulk" 687
"../../../Engine/Content/EngineSky/VolumetricClouds/T_CloudPattern.uasset" 688
"../../../Engine/Content/EngineSky/VolumetricClouds/T_CloudPattern.uexp" 689
"../../../Engine/Content/EngineSky/VolumetricClouds/T_CloudMask.ubulk" 690
"../../../Engine/Content/EngineSky/VolumetricClouds/T_CloudMask.uasset" 691
"../../../Engine/Content/EngineSky/VolumetricClouds/T_CloudMask.uexp" 692
"../../../Engine/Content/Functions/Engine_MaterialFunctions02/Utility/BreakOutFloat4Components.uasset" 693
"../../../Engine/Content/Functions/Engine_MaterialFunctions02/Utility/BreakOutFloat4Components.uexp" 694
"../../../Engine/Content/Functions/Engine_MaterialFunctions02/Utility/MakeFloat4.uasset" 695
"../../../Engine/Content/Functions/Engine_MaterialFunctions02/Utility/MakeFloat4.uexp" 696
"../../../Engine/Content/EngineResources/DefaultVolumeTexture2D.uasset" 697
"../../../Engine/Content/EngineResources/DefaultVolumeTexture2D.uexp" 698
"../../../Engine/Content/EngineResources/DefaultVolumeTexture.uasset" 699
"../../../Engine/Content/EngineResources/DefaultVolumeTexture.uexp" 700
"../../../Engine/Content/EngineSky/VolumetricClouds/VT_Lightning.uasset" 701
"../../../Engine/Content/EngineSky/VolumetricClouds/VT_Lightning.uexp" 702
"../../../Engine/Content/Functions/Engine_MaterialFunctions01/Units/Km-to-Cm.uasset" 703
"../../../Engine/Content/Functions/Engine_MaterialFunctions01/Units/Km-to-Cm.uexp" 704
"../../../Engine/Content/EngineSky/VolumetricClouds/m_SimpleVolumetricCloud.uasset" 705
"../../../Engine/Content/EngineSky/VolumetricClouds/m_SimpleVolumetricCloud.uexp" 706
"../../../Engine/Content/EngineSky/VolumetricClouds/m_SimpleVolumetricCloud_Inst.uasset" 707
"../../../Engine/Content/EngineSky/VolumetricClouds/m_SimpleVolumetricCloud_Inst.uexp" 708
"../../../Engine/Content/EngineSky/T_Sky_Stars.ubulk" 709
"../../../Engine/Content/EngineSky/T_Sky_Stars.uasset" 710
"../../../Engine/Content/EngineSky/T_Sky_Stars.uexp" 711
"../../../Engine/Content/EngineSky/T_Sky_Clouds_M.ubulk" 712
"../../../Engine/Content/EngineSky/T_Sky_Clouds_M.uasset" 713
"../../../Engine/Content/EngineSky/T_Sky_Clouds_M.uexp" 714
"../../../Engine/Content/EngineSky/T_Sky_Blue.ubulk" 715
"../../../Engine/Content/EngineSky/T_Sky_Blue.uasset" 716
"../../../Engine/Content/EngineSky/T_Sky_Blue.uexp" 717
"../../../Engine/Content/EngineSky/M_Sky_Panning_Clouds2.uasset" 718
"../../../Engine/Content/EngineSky/M_Sky_Panning_Clouds2.uexp" 719
"../../../Engine/Content/EngineSky/SM_SkySphere.ubulk" 720
"../../../Engine/Content/EngineSky/SM_SkySphere.uasset" 721
"../../../Engine/Content/EngineSky/SM_SkySphere.uexp" 722
"../../../Engine/Content/VREditor/Sounds/UI/Drop_Item_From_ContentBrowser.ubulk" 723
"../../../Engine/Content/VREditor/Sounds/UI/Drop_Item_From_ContentBrowser.uasset" 724
"../../../Engine/Content/VREditor/Sounds/UI/Drop_Item_From_ContentBrowser.uexp" 725
"../../../Engine/Content/VREditor/TransformGizmo/TransformGizmoMaterial_Inst.uasset" 726
"../../../Engine/Content/VREditor/TransformGizmo/TransformGizmoMaterial_Inst.uexp" 727
"../../../Engine/Content/VREditor/TransformGizmo/TranslucentTransformGizmoMaterial_Inst.uasset" 728
"../../../Engine/Content/VREditor/TransformGizmo/TranslucentTransformGizmoMaterial_Inst.uexp" 729
"../../../Engine/Content/Functions/Engine_MaterialFunctions02/SplitComponents.uasset" 730
"../../../Engine/Content/Functions/Engine_MaterialFunctions02/SplitComponents.uexp" 731
"../../../Engine/Content/VREditor/SnapGrid/SnapGridMaterial.uasset" 732
"../../../Engine/Content/VREditor/SnapGrid/SnapGridMaterial.uexp" 733
"../../../Engine/Content/VREditor/SnapGrid/SnapGridPlaneMesh.ubulk" 734
"../../../Engine/Content/VREditor/SnapGrid/SnapGridPlaneMesh.uasset" 735
"../../../Engine/Content/VREditor/SnapGrid/SnapGridPlaneMesh.uexp" 736
"../../../Engine/Content/VREditor/Sounds/UI/Gizmo_Handle_Clicked.ubulk" 737
"../../../Engine/Content/VREditor/Sounds/UI/Gizmo_Handle_Clicked.uasset" 738
"../../../Engine/Content/VREditor/Sounds/UI/Gizmo_Handle_Clicked.uexp" 739
"../../../Engine/Content/VREditor/Sounds/UI/Object_PickUp.ubulk" 740
"../../../Engine/Content/VREditor/Sounds/UI/Object_PickUp.uasset" 741
"../../../Engine/Content/VREditor/Sounds/UI/Object_PickUp.uexp" 742
"../../../Engine/Content/VREditor/Sounds/UI/Object_Snaps_To_Another_Actor.ubulk" 743
"../../../Engine/Content/VREditor/Sounds/UI/Object_Snaps_To_Another_Actor.uasset" 744
"../../../Engine/Content/VREditor/Sounds/UI/Object_Snaps_To_Another_Actor.uexp" 745
"../../../Engine/Content/VREditor/Sounds/UI/Object_Snaps_To_Grid.ubulk" 746
"../../../Engine/Content/VREditor/Sounds/UI/Object_Snaps_To_Grid.uasset" 747
"../../../Engine/Content/VREditor/Sounds/UI/Object_Snaps_To_Grid.uexp" 748
"../../../Engine/Content/VREditor/Sounds/UI/Scaling_Down.ubulk" 749
"../../../Engine/Content/VREditor/Sounds/UI/Scaling_Down.uasset" 750
"../../../Engine/Content/VREditor/Sounds/UI/Scaling_Down.uexp" 751
"../../../Engine/Content/VREditor/Sounds/UI/Scaling_Up.ubulk" 752
"../../../Engine/Content/VREditor/Sounds/UI/Scaling_Up.uasset" 753
"../../../Engine/Content/VREditor/Sounds/UI/Scaling_Up.uexp" 754
"../../../Engine/Content/VREditor/Sounds/UI/Selection_Changes.ubulk" 755
"../../../Engine/Content/VREditor/Sounds/UI/Selection_Changes.uasset" 756
"../../../Engine/Content/VREditor/Sounds/UI/Selection_Changes.uexp" 757
"../../../Engine/Content/VREditor/TransformGizmo/PlaneTranslationHandle.ubulk" 758
"../../../Engine/Content/VREditor/TransformGizmo/PlaneTranslationHandle.uasset" 759
"../../../Engine/Content/VREditor/TransformGizmo/PlaneTranslationHandle.uexp" 760
"../../../Engine/Content/VREditor/TransformGizmo/RotationHandleFull.ubulk" 761
"../../../Engine/Content/VREditor/TransformGizmo/RotationHandleFull.uasset" 762
"../../../Engine/Content/VREditor/TransformGizmo/RotationHandleFull.uexp" 763
"../../../Engine/Content/VREditor/TransformGizmo/RotationHandleIndicator.ubulk" 764
"../../../Engine/Content/VREditor/TransformGizmo/RotationHandleIndicator.uasset" 765
"../../../Engine/Content/VREditor/TransformGizmo/RotationHandleIndicator.uexp" 766
"../../../Engine/Content/VREditor/TransformGizmo/RotationHandleQuarter.ubulk" 767
"../../../Engine/Content/VREditor/TransformGizmo/RotationHandleQuarter.uasset" 768
"../../../Engine/Content/VREditor/TransformGizmo/RotationHandleQuarter.uexp" 769
"../../../Engine/Content/VREditor/TransformGizmo/StartRotationHandleIndicator.ubulk" 770
"../../../Engine/Content/VREditor/TransformGizmo/StartRotationHandleIndicator.uasset" 771
"../../../Engine/Content/VREditor/TransformGizmo/StartRotationHandleIndicator.uexp" 772
"../../../Engine/Content/VREditor/TransformGizmo/TransformGizmoFreeRotation.ubulk" 773
"../../../Engine/Content/VREditor/TransformGizmo/TransformGizmoFreeRotation.uasset" 774
"../../../Engine/Content/VREditor/TransformGizmo/TransformGizmoFreeRotation.uexp" 775
"../../../Engine/Content/VREditor/TransformGizmo/TranslateArrowHandle.ubulk" 776
"../../../Engine/Content/VREditor/TransformGizmo/TranslateArrowHandle.uasset" 777
"../../../Engine/Content/VREditor/TransformGizmo/TranslateArrowHandle.uexp" 778
"../../../Engine/Content/VREditor/TransformGizmo/UniformScaleHandle.ubulk" 779
"../../../Engine/Content/VREditor/TransformGizmo/UniformScaleHandle.uasset" 780
"../../../Engine/Content/VREditor/TransformGizmo/UniformScaleHandle.uexp" 781
"../../../Engine/Plugins/Animation/ControlRig/Content/Controls/ControlRig_Arrow2_1mm.ubulk" 782
"../../../Engine/Plugins/Animation/ControlRig/Content/Controls/ControlRig_Arrow2_1mm.uasset" 783
"../../../Engine/Plugins/Animation/ControlRig/Content/Controls/ControlRig_Arrow2_1mm.uexp" 784
"../../../Engine/Plugins/Animation/ControlRig/Content/Controls/ControlRig_Arrow2_3mm.ubulk" 785
"../../../Engine/Plugins/Animation/ControlRig/Content/Controls/ControlRig_Arrow2_3mm.uasset" 786
"../../../Engine/Plugins/Animation/ControlRig/Content/Controls/ControlRig_Arrow2_3mm.uexp" 787
"../../../Engine/Plugins/Animation/ControlRig/Content/Controls/ControlRig_Arrow2_solid.ubulk" 788
"../../../Engine/Plugins/Animation/ControlRig/Content/Controls/ControlRig_Arrow2_solid.uasset" 789
"../../../Engine/Plugins/Animation/ControlRig/Content/Controls/ControlRig_Arrow2_solid.uexp" 790
"../../../Engine/Plugins/Animation/ControlRig/Content/Controls/ControlRig_Arrow4_1mm.ubulk" 791
"../../../Engine/Plugins/Animation/ControlRig/Content/Controls/ControlRig_Arrow4_1mm.uasset" 792
"../../../Engine/Plugins/Animation/ControlRig/Content/Controls/ControlRig_Arrow4_1mm.uexp" 793
"../../../Engine/Plugins/Animation/ControlRig/Content/Controls/ControlRig_Arrow4_3mm.ubulk" 794
"../../../Engine/Plugins/Animation/ControlRig/Content/Controls/ControlRig_Arrow4_3mm.uasset" 795
"../../../Engine/Plugins/Animation/ControlRig/Content/Controls/ControlRig_Arrow4_3mm.uexp" 796
"../../../Engine/Plugins/Animation/ControlRig/Content/Controls/ControlRig_Arrow4_solid.ubulk" 797
"../../../Engine/Plugins/Animation/ControlRig/Content/Controls/ControlRig_Arrow4_solid.uasset" 798
"../../../Engine/Plugins/Animation/ControlRig/Content/Controls/ControlRig_Arrow4_solid.uexp" 799
"../../../Engine/Plugins/Animation/ControlRig/Content/Controls/ControlRig_Arrow_1mm.ubulk" 800
"../../../Engine/Plugins/Animation/ControlRig/Content/Controls/ControlRig_Arrow_1mm.uasset" 801
"../../../Engine/Plugins/Animation/ControlRig/Content/Controls/ControlRig_Arrow_1mm.uexp" 802
"../../../Engine/Plugins/Animation/ControlRig/Content/Controls/ControlRig_Arrow_3mm.ubulk" 803
"../../../Engine/Plugins/Animation/ControlRig/Content/Controls/ControlRig_Arrow_3mm.uasset" 804
"../../../Engine/Plugins/Animation/ControlRig/Content/Controls/ControlRig_Arrow_3mm.uexp" 805
"../../../Engine/Plugins/Animation/ControlRig/Content/Controls/ControlRig_Arrow_solid.ubulk" 806
"../../../Engine/Plugins/Animation/ControlRig/Content/Controls/ControlRig_Arrow_solid.uasset" 807
"../../../Engine/Plugins/Animation/ControlRig/Content/Controls/ControlRig_Arrow_solid.uexp" 808
"../../../Engine/Plugins/Animation/ControlRig/Content/Controls/ControlRig_Box_1mm.ubulk" 809
"../../../Engine/Plugins/Animation/ControlRig/Content/Controls/ControlRig_Box_1mm.uasset" 810
"../../../Engine/Plugins/Animation/ControlRig/Content/Controls/ControlRig_Box_1mm.uexp" 811
"../../../Engine/Plugins/Animation/ControlRig/Content/Controls/ControlRig_Box_3mm.ubulk" 812
"../../../Engine/Plugins/Animation/ControlRig/Content/Controls/ControlRig_Box_3mm.uasset" 813
"../../../Engine/Plugins/Animation/ControlRig/Content/Controls/ControlRig_Box_3mm.uexp" 814
"../../../Engine/Plugins/Animation/ControlRig/Content/Controls/ControlRig_Box_solid.ubulk" 815
"../../../Engine/Plugins/Animation/ControlRig/Content/Controls/ControlRig_Box_solid.uasset" 816
"../../../Engine/Plugins/Animation/ControlRig/Content/Controls/ControlRig_Box_solid.uexp" 817
"../../../Engine/Plugins/Animation/ControlRig/Content/Controls/ControlRig_Circle_1mm.ubulk" 818
"../../../Engine/Plugins/Animation/ControlRig/Content/Controls/ControlRig_Circle_1mm.uasset" 819
"../../../Engine/Plugins/Animation/ControlRig/Content/Controls/ControlRig_Circle_1mm.uexp" 820
"../../../Engine/Plugins/Animation/ControlRig/Content/Controls/ControlRig_Circle_3mm.ubulk" 821
"../../../Engine/Plugins/Animation/ControlRig/Content/Controls/ControlRig_Circle_3mm.uasset" 822
"../../../Engine/Plugins/Animation/ControlRig/Content/Controls/ControlRig_Circle_3mm.uexp" 823
"../../../Engine/Plugins/Animation/ControlRig/Content/Controls/ControlRig_Circle_solid.ubulk" 824
"../../../Engine/Plugins/Animation/ControlRig/Content/Controls/ControlRig_Circle_solid.uasset" 825
"../../../Engine/Plugins/Animation/ControlRig/Content/Controls/ControlRig_Circle_solid.uexp" 826
"../../../Engine/Plugins/Animation/ControlRig/Content/Controls/ControlRig_Diamond_1mm.ubulk" 827
"../../../Engine/Plugins/Animation/ControlRig/Content/Controls/ControlRig_Diamond_1mm.uasset" 828
"../../../Engine/Plugins/Animation/ControlRig/Content/Controls/ControlRig_Diamond_1mm.uexp" 829
"../../../Engine/Plugins/Animation/ControlRig/Content/Controls/ControlRig_Diamond_3mm.ubulk" 830
"../../../Engine/Plugins/Animation/ControlRig/Content/Controls/ControlRig_Diamond_3mm.uasset" 831
"../../../Engine/Plugins/Animation/ControlRig/Content/Controls/ControlRig_Diamond_3mm.uexp" 832
"../../../Engine/Plugins/Animation/ControlRig/Content/Controls/ControlRig_Diamond_solid.ubulk" 833
"../../../Engine/Plugins/Animation/ControlRig/Content/Controls/ControlRig_Diamond_solid.uasset" 834
"../../../Engine/Plugins/Animation/ControlRig/Content/Controls/ControlRig_Diamond_solid.uexp" 835
"../../../Engine/Plugins/Animation/ControlRig/Content/Controls/ControlRig_HalfCircle_1mm.ubulk" 836
"../../../Engine/Plugins/Animation/ControlRig/Content/Controls/ControlRig_HalfCircle_1mm.uasset" 837
"../../../Engine/Plugins/Animation/ControlRig/Content/Controls/ControlRig_HalfCircle_1mm.uexp" 838
"../../../Engine/Plugins/Animation/ControlRig/Content/Controls/ControlRig_HalfCircle_3mm.ubulk" 839
"../../../Engine/Plugins/Animation/ControlRig/Content/Controls/ControlRig_HalfCircle_3mm.uasset" 840
"../../../Engine/Plugins/Animation/ControlRig/Content/Controls/ControlRig_HalfCircle_3mm.uexp" 841
"../../../Engine/Plugins/Animation/ControlRig/Content/Controls/ControlRig_HalfCircle_solid.ubulk" 842
"../../../Engine/Plugins/Animation/ControlRig/Content/Controls/ControlRig_HalfCircle_solid.uasset" 843
"../../../Engine/Plugins/Animation/ControlRig/Content/Controls/ControlRig_HalfCircle_solid.uexp" 844
"../../../Engine/Plugins/Animation/ControlRig/Content/Controls/ControlRig_Hexagon_1mm.ubulk" 845
"../../../Engine/Plugins/Animation/ControlRig/Content/Controls/ControlRig_Hexagon_1mm.uasset" 846
"../../../Engine/Plugins/Animation/ControlRig/Content/Controls/ControlRig_Hexagon_1mm.uexp" 847
"../../../Engine/Plugins/Animation/ControlRig/Content/Controls/ControlRig_Hexagon_3mm.ubulk" 848
"../../../Engine/Plugins/Animation/ControlRig/Content/Controls/ControlRig_Hexagon_3mm.uasset" 849
"../../../Engine/Plugins/Animation/ControlRig/Content/Controls/ControlRig_Hexagon_3mm.uexp" 850
"../../../Engine/Plugins/Animation/ControlRig/Content/Controls/ControlRig_Hexagon_solid.ubulk" 851
"../../../Engine/Plugins/Animation/ControlRig/Content/Controls/ControlRig_Hexagon_solid.uasset" 852
"../../../Engine/Plugins/Animation/ControlRig/Content/Controls/ControlRig_Hexagon_solid.uexp" 853
"../../../Engine/Plugins/Animation/ControlRig/Content/Controls/ControlRig_Octagon_1mm.ubulk" 854
"../../../Engine/Plugins/Animation/ControlRig/Content/Controls/ControlRig_Octagon_1mm.uasset" 855
"../../../Engine/Plugins/Animation/ControlRig/Content/Controls/ControlRig_Octagon_1mm.uexp" 856
"../../../Engine/Plugins/Animation/ControlRig/Content/Controls/ControlRig_Octagon_3mm.ubulk" 857
"../../../Engine/Plugins/Animation/ControlRig/Content/Controls/ControlRig_Octagon_3mm.uasset" 858
"../../../Engine/Plugins/Animation/ControlRig/Content/Controls/ControlRig_Octagon_3mm.uexp" 859
"../../../Engine/Plugins/Animation/ControlRig/Content/Controls/ControlRig_Octagon_solid.ubulk" 860
"../../../Engine/Plugins/Animation/ControlRig/Content/Controls/ControlRig_Octagon_solid.uasset" 861
"../../../Engine/Plugins/Animation/ControlRig/Content/Controls/ControlRig_Octagon_solid.uexp" 862
"../../../Engine/Plugins/Animation/ControlRig/Content/Controls/ControlRig_Pyramid_1mm.ubulk" 863
"../../../Engine/Plugins/Animation/ControlRig/Content/Controls/ControlRig_Pyramid_1mm.uasset" 864
"../../../Engine/Plugins/Animation/ControlRig/Content/Controls/ControlRig_Pyramid_1mm.uexp" 865
"../../../Engine/Plugins/Animation/ControlRig/Content/Controls/ControlRig_Pyramid_3mm.ubulk" 866
"../../../Engine/Plugins/Animation/ControlRig/Content/Controls/ControlRig_Pyramid_3mm.uasset" 867
"../../../Engine/Plugins/Animation/ControlRig/Content/Controls/ControlRig_Pyramid_3mm.uexp" 868
"../../../Engine/Plugins/Animation/ControlRig/Content/Controls/ControlRig_Pyramid_solid.ubulk" 869
"../../../Engine/Plugins/Animation/ControlRig/Content/Controls/ControlRig_Pyramid_solid.uasset" 870
"../../../Engine/Plugins/Animation/ControlRig/Content/Controls/ControlRig_Pyramid_solid.uexp" 871
"../../../Engine/Plugins/Animation/ControlRig/Content/Controls/ControlRig_QuarterCircle_1mm.ubulk" 872
"../../../Engine/Plugins/Animation/ControlRig/Content/Controls/ControlRig_QuarterCircle_1mm.uasset" 873
"../../../Engine/Plugins/Animation/ControlRig/Content/Controls/ControlRig_QuarterCircle_1mm.uexp" 874
"../../../Engine/Plugins/Animation/ControlRig/Content/Controls/ControlRig_QuarterCircle_3mm.ubulk" 875
"../../../Engine/Plugins/Animation/ControlRig/Content/Controls/ControlRig_QuarterCircle_3mm.uasset" 876
"../../../Engine/Plugins/Animation/ControlRig/Content/Controls/ControlRig_QuarterCircle_3mm.uexp" 877
"../../../Engine/Plugins/Animation/ControlRig/Content/Controls/ControlRig_QuarterCircle_solid.ubulk" 878
"../../../Engine/Plugins/Animation/ControlRig/Content/Controls/ControlRig_QuarterCircle_solid.uasset" 879
"../../../Engine/Plugins/Animation/ControlRig/Content/Controls/ControlRig_QuarterCircle_solid.uexp" 880
"../../../Engine/Plugins/Animation/ControlRig/Content/Controls/ControlRig_RoundedSquare_1mm.ubulk" 881
"../../../Engine/Plugins/Animation/ControlRig/Content/Controls/ControlRig_RoundedSquare_1mm.uasset" 882
"../../../Engine/Plugins/Animation/ControlRig/Content/Controls/ControlRig_RoundedSquare_1mm.uexp" 883
"../../../Engine/Plugins/Animation/ControlRig/Content/Controls/ControlRig_RoundedSquare_3mm.ubulk" 884
"../../../Engine/Plugins/Animation/ControlRig/Content/Controls/ControlRig_RoundedSquare_3mm.uasset" 885
"../../../Engine/Plugins/Animation/ControlRig/Content/Controls/ControlRig_RoundedSquare_3mm.uexp" 886
"../../../Engine/Plugins/Animation/ControlRig/Content/Controls/ControlRig_RoundedSquare_solid.ubulk" 887
"../../../Engine/Plugins/Animation/ControlRig/Content/Controls/ControlRig_RoundedSquare_solid.uasset" 888
"../../../Engine/Plugins/Animation/ControlRig/Content/Controls/ControlRig_RoundedSquare_solid.uexp" 889
"../../../Engine/Plugins/Animation/ControlRig/Content/Controls/ControlRig_RoundedTriangle_1mm.ubulk" 890
"../../../Engine/Plugins/Animation/ControlRig/Content/Controls/ControlRig_RoundedTriangle_1mm.uasset" 891
"../../../Engine/Plugins/Animation/ControlRig/Content/Controls/ControlRig_RoundedTriangle_1mm.uexp" 892
"../../../Engine/Plugins/Animation/ControlRig/Content/Controls/ControlRig_RoundedTriangle_3mm.ubulk" 893
"../../../Engine/Plugins/Animation/ControlRig/Content/Controls/ControlRig_RoundedTriangle_3mm.uasset" 894
"../../../Engine/Plugins/Animation/ControlRig/Content/Controls/ControlRig_RoundedTriangle_3mm.uexp" 895
"../../../Engine/Plugins/Animation/ControlRig/Content/Controls/ControlRig_RoundedTriangle_solid.ubulk" 896
"../../../Engine/Plugins/Animation/ControlRig/Content/Controls/ControlRig_RoundedTriangle_solid.uasset" 897
"../../../Engine/Plugins/Animation/ControlRig/Content/Controls/ControlRig_RoundedTriangle_solid.uexp" 898
"../../../Engine/Plugins/Animation/ControlRig/Content/Controls/ControlRig_Sphere_1mm.ubulk" 899
"../../../Engine/Plugins/Animation/ControlRig/Content/Controls/ControlRig_Sphere_1mm.uasset" 900
"../../../Engine/Plugins/Animation/ControlRig/Content/Controls/ControlRig_Sphere_1mm.uexp" 901
"../../../Engine/Plugins/Animation/ControlRig/Content/Controls/ControlRig_Sphere_3mm.ubulk" 902
"../../../Engine/Plugins/Animation/ControlRig/Content/Controls/ControlRig_Sphere_3mm.uasset" 903
"../../../Engine/Plugins/Animation/ControlRig/Content/Controls/ControlRig_Sphere_3mm.uexp" 904
"../../../Engine/Plugins/Animation/ControlRig/Content/Controls/ControlRig_Sphere_solid.ubulk" 905
"../../../Engine/Plugins/Animation/ControlRig/Content/Controls/ControlRig_Sphere_solid.uasset" 906
"../../../Engine/Plugins/Animation/ControlRig/Content/Controls/ControlRig_Sphere_solid.uexp" 907
"../../../Engine/Plugins/Animation/ControlRig/Content/Controls/ControlRig_Square_1mm.ubulk" 908
"../../../Engine/Plugins/Animation/ControlRig/Content/Controls/ControlRig_Square_1mm.uasset" 909
"../../../Engine/Plugins/Animation/ControlRig/Content/Controls/ControlRig_Square_1mm.uexp" 910
"../../../Engine/Plugins/Animation/ControlRig/Content/Controls/ControlRig_Square_3mm.ubulk" 911
"../../../Engine/Plugins/Animation/ControlRig/Content/Controls/ControlRig_Square_3mm.uasset" 912
"../../../Engine/Plugins/Animation/ControlRig/Content/Controls/ControlRig_Square_3mm.uexp" 913
"../../../Engine/Plugins/Animation/ControlRig/Content/Controls/ControlRig_Square_solid.ubulk" 914
"../../../Engine/Plugins/Animation/ControlRig/Content/Controls/ControlRig_Square_solid.uasset" 915
"../../../Engine/Plugins/Animation/ControlRig/Content/Controls/ControlRig_Square_solid.uexp" 916
"../../../Engine/Plugins/Animation/ControlRig/Content/Controls/ControlRig_Star4_1mm.ubulk" 917
"../../../Engine/Plugins/Animation/ControlRig/Content/Controls/ControlRig_Star4_1mm.uasset" 918
"../../../Engine/Plugins/Animation/ControlRig/Content/Controls/ControlRig_Star4_1mm.uexp" 919
"../../../Engine/Plugins/Animation/ControlRig/Content/Controls/ControlRig_Star4_3mm.ubulk" 920
"../../../Engine/Plugins/Animation/ControlRig/Content/Controls/ControlRig_Star4_3mm.uasset" 921
"../../../Engine/Plugins/Animation/ControlRig/Content/Controls/ControlRig_Star4_3mm.uexp" 922
"../../../Engine/Plugins/Animation/ControlRig/Content/Controls/ControlRig_Star4_solid.ubulk" 923
"../../../Engine/Plugins/Animation/ControlRig/Content/Controls/ControlRig_Star4_solid.uasset" 924
"../../../Engine/Plugins/Animation/ControlRig/Content/Controls/ControlRig_Star4_solid.uexp" 925
"../../../Engine/Plugins/Animation/ControlRig/Content/Controls/ControlRig_Triangle_1mm.ubulk" 926
"../../../Engine/Plugins/Animation/ControlRig/Content/Controls/ControlRig_Triangle_1mm.uasset" 927
"../../../Engine/Plugins/Animation/ControlRig/Content/Controls/ControlRig_Triangle_1mm.uexp" 928
"../../../Engine/Plugins/Animation/ControlRig/Content/Controls/ControlRig_Triangle_3mm.ubulk" 929
"../../../Engine/Plugins/Animation/ControlRig/Content/Controls/ControlRig_Triangle_3mm.uasset" 930
"../../../Engine/Plugins/Animation/ControlRig/Content/Controls/ControlRig_Triangle_3mm.uexp" 931
"../../../Engine/Plugins/Animation/ControlRig/Content/Controls/ControlRig_Triangle_solid.ubulk" 932
"../../../Engine/Plugins/Animation/ControlRig/Content/Controls/ControlRig_Triangle_solid.uasset" 933
"../../../Engine/Plugins/Animation/ControlRig/Content/Controls/ControlRig_Triangle_solid.uexp" 934
"../../../Engine/Plugins/Animation/ControlRig/Content/Controls/ControlRig_Wedge_1mm.ubulk" 935
"../../../Engine/Plugins/Animation/ControlRig/Content/Controls/ControlRig_Wedge_1mm.uasset" 936
"../../../Engine/Plugins/Animation/ControlRig/Content/Controls/ControlRig_Wedge_1mm.uexp" 937
"../../../Engine/Plugins/Animation/ControlRig/Content/Controls/ControlRig_Wedge_3mm.ubulk" 938
"../../../Engine/Plugins/Animation/ControlRig/Content/Controls/ControlRig_Wedge_3mm.uasset" 939
"../../../Engine/Plugins/Animation/ControlRig/Content/Controls/ControlRig_Wedge_3mm.uexp" 940
"../../../Engine/Plugins/Animation/ControlRig/Content/Controls/ControlRig_Wedge_solid.ubulk" 941
"../../../Engine/Plugins/Animation/ControlRig/Content/Controls/ControlRig_Wedge_solid.uasset" 942
"../../../Engine/Plugins/Animation/ControlRig/Content/Controls/ControlRig_Wedge_solid.uexp" 943
"../../../Engine/Content/EditorLandscapeResources/ColorMaskBrushMaterial.uasset" 944
"../../../Engine/Content/EditorLandscapeResources/ColorMaskBrushMaterial.uexp" 945
"../../../Engine/Content/EditorLandscapeResources/ColorMaskBrushMaterial_MaskedRegion.uasset" 946
"../../../Engine/Content/EditorLandscapeResources/ColorMaskBrushMaterial_MaskedRegion.uexp" 947
"../../../Engine/Content/Functions/Engine_MaterialFunctions03/Math/WithinRangeFloat2.uasset" 948
"../../../Engine/Content/Functions/Engine_MaterialFunctions03/Math/WithinRangeFloat2.uexp" 949
"../../../Engine/Content/EditorLandscapeResources/MaskBrushMaterial.uasset" 950
"../../../Engine/Content/EditorLandscapeResources/MaskBrushMaterial.uexp" 951
"../../../Engine/Content/EditorLandscapeResources/MaskBrushMaterial_MaskedRegion.uasset" 952
"../../../Engine/Content/EditorLandscapeResources/MaskBrushMaterial_MaskedRegion.uexp" 953
"../../../Engine/Content/EditorLandscapeResources/SelectBrushMaterial.uasset" 954
"../../../Engine/Content/EditorLandscapeResources/SelectBrushMaterial.uexp" 955
"../../../Engine/Content/EditorLandscapeResources/SelectBrushMaterial_Selected.uasset" 956
"../../../Engine/Content/EditorLandscapeResources/SelectBrushMaterial_Selected.uexp" 957
"../../../Engine/Content/EditorLandscapeResources/SelectBrushMaterial_SelectedRegion.uasset" 958
"../../../Engine/Content/EditorLandscapeResources/SelectBrushMaterial_SelectedRegion.uexp" 959
"../../../Engine/Content/EditorLandscapeResources/SplineEditorMeshMat.uasset" 960
"../../../Engine/Content/EditorLandscapeResources/SplineEditorMeshMat.uexp" 961
"../../../Engine/Content/EditorLandscapeResources/SplineEditorMesh.ubulk" 962
"../../../Engine/Content/EditorLandscapeResources/SplineEditorMesh.uasset" 963
"../../../Engine/Content/EditorLandscapeResources/SplineEditorMesh.uexp" 964
"../../../Engine/Content/EngineMaterials/WeightMapPlaceholderTexture.uasset" 965
"../../../Engine/Content/EngineMaterials/WeightMapPlaceholderTexture.uexp" 966
"../../../Engine/Content/EngineMaterials/WeightMapArrayPlaceholderTexture.uasset" 967
"../../../Engine/Content/EngineMaterials/WeightMapArrayPlaceholderTexture.uexp" 968
"../../../Engine/Content/EngineResources/WhiteSquareTexture.uasset" 969
"../../../Engine/Content/EngineResources/WhiteSquareTexture.uexp" 970
"../../../Engine/Content/EngineMaterials/Widget3DPassThrough.uasset" 971
"../../../Engine/Content/EngineMaterials/Widget3DPassThrough.uexp" 972
"../../../Engine/Content/EngineMaterials/Widget3DPassThrough_Masked.uasset" 973
"../../../Engine/Content/EngineMaterials/Widget3DPassThrough_Masked.uexp" 974
"../../../Engine/Content/EngineMaterials/Widget3DPassThrough_Opaque.uasset" 975
"../../../Engine/Content/EngineMaterials/Widget3DPassThrough_Opaque.uexp" 976
"../../../Engine/Content/EngineMaterials/Widget3DPassThrough_Masked_OneSided.uasset" 977
"../../../Engine/Content/EngineMaterials/Widget3DPassThrough_Masked_OneSided.uexp" 978
"../../../Engine/Content/EngineMaterials/Widget3DPassThrough_Opaque_OneSided.uasset" 979
"../../../Engine/Content/EngineMaterials/Widget3DPassThrough_Opaque_OneSided.uexp" 980
"../../../Engine/Content/EngineMaterials/Widget3DPassThrough_Translucent.uasset" 981
"../../../Engine/Content/EngineMaterials/Widget3DPassThrough_Translucent.uexp" 982
"../../../Engine/Content/EngineMaterials/Widget3DPassThrough_Translucent_OneSided.uasset" 983
"../../../Engine/Content/EngineMaterials/Widget3DPassThrough_Translucent_OneSided.uexp" 984
"../../../Engine/Content/EngineResources/LandscapeVisibilityLayerInfo.uasset" 985
"../../../Engine/Content/EngineResources/LandscapeVisibilityLayerInfo.uexp" 986
"../../../Engine/Content/EngineMaterials/DefaultMaterial.uasset" 987
"../../../Engine/Content/EngineMaterials/DefaultMaterial.uexp" 988
"../../../Engine/Content/BasicShapes/Cone.ubulk" 989
"../../../Engine/Content/BasicShapes/Cone.uasset" 990
"../../../Engine/Content/BasicShapes/Cone.uexp" 991
"../../../Engine/Content/BasicShapes/Cylinder.ubulk" 992
"../../../Engine/Content/BasicShapes/Cylinder.uasset" 993
"../../../Engine/Content/BasicShapes/Cylinder.uexp" 994
"../../../Engine/Content/BasicShapes/Plane.ubulk" 995
"../../../Engine/Content/BasicShapes/Plane.uasset" 996
"../../../Engine/Content/BasicShapes/Plane.uexp" 997
"../../../Engine/Content/BasicShapes/Sphere.ubulk" 998
"../../../Engine/Content/BasicShapes/Sphere.uasset" 999
"../../../Engine/Content/BasicShapes/Sphere.uexp" 1000
"../../../Engine/Plugins/Media/MediaPlate/Content/SM_MediaPlateScreen.ubulk" 1001
"../../../Engine/Plugins/Media/MediaPlate/Content/SM_MediaPlateScreen.uasset" 1002
"../../../Engine/Plugins/Media/MediaPlate/Content/SM_MediaPlateScreen.uexp" 1003
"../../../Engine/Plugins/NNE/NNEDenoiser/Content/NNE_oidn2-3-0_rt_hdr_alb_nrm_small__dyn__fp16_opset11_DenoiseAlpha.uasset" 1004
"../../../Engine/Plugins/NNE/NNEDenoiser/Content/NNE_oidn2-3-0_rt_hdr_alb_nrm_small__dyn__fp16_opset11_DenoiseAlpha.uexp" 1005
"../../../Engine/Plugins/NNE/NNEDenoiser/Content/NNE_oidn2-3-0_rt_hdr_alb_nrm_small__dyn__fp16_opset11_ForwardAlpha.uasset" 1006
"../../../Engine/Plugins/NNE/NNEDenoiser/Content/NNE_oidn2-3-0_rt_hdr_alb_nrm_small__dyn__fp16_opset11_ForwardAlpha.uexp" 1007
"../../../Engine/Plugins/NNE/NNEDenoiser/Content/NNE_oidn2-3-0_rt_hdr_alb_nrm__dyn__fp16_opset11_DenoiseAlpha.uasset" 1008
"../../../Engine/Plugins/NNE/NNEDenoiser/Content/NNE_oidn2-3-0_rt_hdr_alb_nrm__dyn__fp16_opset11_DenoiseAlpha.uexp" 1009
"../../../Engine/Plugins/NNE/NNEDenoiser/Content/NNE_oidn2-3-0_rt_hdr_alb_nrm__dyn__fp16_opset11_ForwardAlpha.uasset" 1010
"../../../Engine/Plugins/NNE/NNEDenoiser/Content/NNE_oidn2-3-0_rt_hdr_alb_nrm__dyn__fp16_opset11_ForwardAlpha.uexp" 1011
"../../../Engine/Plugins/NNE/NNEDenoiser/Content/NNE_oidn2-3-0_rt_hdr_calb_cnrm_large__dyn__fp16_opset11_DenoiseAlpha.uasset" 1012
"../../../Engine/Plugins/NNE/NNEDenoiser/Content/NNE_oidn2-3-0_rt_hdr_calb_cnrm_large__dyn__fp16_opset11_DenoiseAlpha.uexp" 1013
"../../../Engine/Plugins/NNE/NNEDenoiser/Content/NNE_oidn2-3-0_rt_hdr_calb_cnrm_large__dyn__fp16_opset11_ForwardAlpha.uasset" 1014
"../../../Engine/Plugins/NNE/NNEDenoiser/Content/NNE_oidn2-3-0_rt_hdr_calb_cnrm_large__dyn__fp16_opset11_ForwardAlpha.uexp" 1015
"../../../Engine/Plugins/2D/Paper2D/Content/DefaultSpriteMaterial.uasset" 1016
"../../../Engine/Plugins/2D/Paper2D/Content/DefaultSpriteMaterial.uexp" 1017
"../../../Engine/Plugins/2D/Paper2D/Content/MaskedUnlitSpriteMaterial.uasset" 1018
"../../../Engine/Plugins/2D/Paper2D/Content/MaskedUnlitSpriteMaterial.uexp" 1019
"../../../Engine/Plugins/2D/Paper2D/Content/OpaqueUnlitSpriteMaterial.uasset" 1020
"../../../Engine/Plugins/2D/Paper2D/Content/OpaqueUnlitSpriteMaterial.uexp" 1021
"../../../Engine/Plugins/NNE/NNEDenoiser/Content/NNED_Oidn2-3_HighQuality_Alpha.uasset" 1022
"../../../Engine/Plugins/NNE/NNEDenoiser/Content/NNED_Oidn2-3_HighQuality_Alpha.uexp" 1023
"../../../Engine/Plugins/NNE/NNEDenoiser/Content/NNED_Oidn2-3_HighQuality.uasset" 1024
"../../../Engine/Plugins/NNE/NNEDenoiser/Content/NNED_Oidn2-3_HighQuality.uexp" 1025
"../../../Engine/Plugins/NNE/NNEDenoiser/Content/NNED_Oidn2-3_Fast_Alpha.uasset" 1026
"../../../Engine/Plugins/NNE/NNEDenoiser/Content/NNED_Oidn2-3_Fast_Alpha.uexp" 1027
"../../../Engine/Plugins/NNE/NNEDenoiser/Content/NNED_Oidn2-3_Fast.uasset" 1028
"../../../Engine/Plugins/NNE/NNEDenoiser/Content/NNED_Oidn2-3_Fast.uexp" 1029
"../../../Engine/Plugins/NNE/NNEDenoiser/Content/NNED_Oidn2-3_Balanced_Alpha.uasset" 1030
"../../../Engine/Plugins/NNE/NNEDenoiser/Content/NNED_Oidn2-3_Balanced_Alpha.uexp" 1031
"../../../Engine/Plugins/NNE/NNEDenoiser/Content/NNED_Oidn2-3_Balanced.uasset" 1032
"../../../Engine/Plugins/NNE/NNEDenoiser/Content/NNED_Oidn2-3_Balanced.uexp" 1033
"../../../Engine/Plugins/NNE/NNEDenoiser/Content/NNEDT_Oidn2-3_Balanced_Alpha.uasset" 1034
"../../../Engine/Plugins/NNE/NNEDenoiser/Content/NNEDT_Oidn2-3_Balanced_Alpha.uexp" 1035
"../../../Engine/Plugins/NNE/NNEDenoiser/Content/NNEDT_Oidn2-3_Balanced.uasset" 1036
"../../../Engine/Plugins/NNE/NNEDenoiser/Content/NNEDT_Oidn2-3_Balanced.uexp" 1037
"../../../Engine/Plugins/Animation/DeformerGraph/Content/DeformerFunctions/DG_Function_LinearBlendSkin_Morph_Cloth_PositionOnly.uasset" 1038
"../../../Engine/Plugins/Animation/DeformerGraph/Content/DeformerFunctions/DG_Function_LinearBlendSkin_Morph_Cloth_PositionOnly.uexp" 1039
"../../../Engine/Plugins/Animation/DeformerGraph/Content/DeformerFunctions/DG_Function_ComputeNormalsTangents.uasset" 1040
"../../../Engine/Plugins/Animation/DeformerGraph/Content/DeformerFunctions/DG_Function_ComputeNormalsTangents.uexp" 1041
"../../../Engine/Plugins/Animation/DeformerGraph/Content/Deformers/DG_LinearBlendSkin_Morph_Cloth_RecomputeNormals.uasset" 1042
"../../../Engine/Plugins/Animation/DeformerGraph/Content/Deformers/DG_LinearBlendSkin_Morph_Cloth_RecomputeNormals.uexp" 1043
"../../../Engine/Plugins/Animation/DeformerGraph/Content/DeformerFunctions/DG_Function_LinearBlendSkin_Morph_Cloth.uasset" 1044
"../../../Engine/Plugins/Animation/DeformerGraph/Content/DeformerFunctions/DG_Function_LinearBlendSkin_Morph_Cloth.uexp" 1045
"../../../Engine/Plugins/Animation/DeformerGraph/Content/Deformers/DG_LinearBlendSkin_Morph_Cloth.uasset" 1046
"../../../Engine/Plugins/Animation/DeformerGraph/Content/Deformers/DG_LinearBlendSkin_Morph_Cloth.uexp" 1047
"../../../Engine/Content/Maps/Entry_BuiltData.uasset" 1048
"../../../Engine/Content/Maps/Entry_BuiltData.uexp" 1049
"../../../Engine/Content/Maps/Entry.uexp" 1050
"../../../Engine/Content/Maps/Entry.umap" 1051
"../../../Engine/Content/EditorBlueprintResources/StandardMacros.uasset" 1052
"../../../Engine/Content/EditorBlueprintResources/StandardMacros.uexp" 1053
"C:/Unreal Project/Finalproject_2025_2 5.6/Content/game/E_AmmoColor.uasset" 1054
"C:/Unreal Project/Finalproject_2025_2 5.6/Content/game/E_AmmoColor.uexp" 1055
"C:/Unreal Project/Finalproject_2025_2 5.6/Content/game/Dash_Icon.uasset" 1056
"C:/Unreal Project/Finalproject_2025_2 5.6/Content/game/Dash_Icon.uexp" 1057
"C:/Unreal Project/Finalproject_2025_2 5.6/Content/game/BP_UI.uasset" 1058
"C:/Unreal Project/Finalproject_2025_2 5.6/Content/game/BP_UI.uexp" 1059
"C:/Unreal Project/Finalproject_2025_2 5.6/Content/StarterContent/Textures/T_Smoke_Tiled_D.ubulk" 1060
"C:/Unreal Project/Finalproject_2025_2 5.6/Content/StarterContent/Textures/T_Smoke_Tiled_D.uasset" 1061
"C:/Unreal Project/Finalproject_2025_2 5.6/Content/StarterContent/Textures/T_Smoke_Tiled_D.uexp" 1062
"C:/Unreal Project/Finalproject_2025_2 5.6/Content/StarterContent/Textures/T_Smoke_SubUV.ubulk" 1063
"C:/Unreal Project/Finalproject_2025_2 5.6/Content/StarterContent/Textures/T_Smoke_SubUV.uasset" 1064
"C:/Unreal Project/Finalproject_2025_2 5.6/Content/StarterContent/Textures/T_Smoke_SubUV.uexp" 1065
"C:/Unreal Project/Finalproject_2025_2 5.6/Content/StarterContent/Particles/Materials/M_smoke_subUV.uasset" 1066
"C:/Unreal Project/Finalproject_2025_2 5.6/Content/StarterContent/Particles/Materials/M_smoke_subUV.uexp" 1067
"../../../Engine/Content/Functions/Engine_MaterialFunctions01/Gradient/RadialGradient.uasset" 1068
"../../../Engine/Content/Functions/Engine_MaterialFunctions01/Gradient/RadialGradient.uexp" 1069
"C:/Unreal Project/Finalproject_2025_2 5.6/Content/StarterContent/Particles/Materials/M_radial_ramp.uasset" 1070
"C:/Unreal Project/Finalproject_2025_2 5.6/Content/StarterContent/Particles/Materials/M_radial_ramp.uexp" 1071
"C:/Unreal Project/Finalproject_2025_2 5.6/Content/StarterContent/Particles/Materials/m_flare_01.uasset" 1072
"C:/Unreal Project/Finalproject_2025_2 5.6/Content/StarterContent/Particles/Materials/m_flare_01.uexp" 1073
"C:/Unreal Project/Finalproject_2025_2 5.6/Content/StarterContent/Textures/T_Explosion_SubUV.ubulk" 1074
"C:/Unreal Project/Finalproject_2025_2 5.6/Content/StarterContent/Textures/T_Explosion_SubUV.uasset" 1075
"C:/Unreal Project/Finalproject_2025_2 5.6/Content/StarterContent/Textures/T_Explosion_SubUV.uexp" 1076
"C:/Unreal Project/Finalproject_2025_2 5.6/Content/StarterContent/Particles/Materials/M_explosion_subUV.uasset" 1077
"C:/Unreal Project/Finalproject_2025_2 5.6/Content/StarterContent/Particles/Materials/M_explosion_subUV.uexp" 1078
"C:/Unreal Project/Finalproject_2025_2 5.6/Content/StarterContent/Textures/T_Burst_M.ubulk" 1079
"C:/Unreal Project/Finalproject_2025_2 5.6/Content/StarterContent/Textures/T_Burst_M.uasset" 1080
"C:/Unreal Project/Finalproject_2025_2 5.6/Content/StarterContent/Textures/T_Burst_M.uexp" 1081
"C:/Unreal Project/Finalproject_2025_2 5.6/Content/StarterContent/Particles/Materials/M_Burst.uasset" 1082
"C:/Unreal Project/Finalproject_2025_2 5.6/Content/StarterContent/Particles/Materials/M_Burst.uexp" 1083
"C:/Unreal Project/Finalproject_2025_2 5.6/Content/StarterContent/Particles/P_Explosion.uasset" 1084
"C:/Unreal Project/Finalproject_2025_2 5.6/Content/StarterContent/Particles/P_Explosion.uexp" 1085
"C:/Unreal Project/Finalproject_2025_2 5.6/Content/FirstPersonArms/Character/Mesh/SK_Mannequin_Arms_Skeleton.uasset" 1086
"C:/Unreal Project/Finalproject_2025_2 5.6/Content/FirstPersonArms/Character/Mesh/SK_Mannequin_Arms_Skeleton.uexp" 1087
"C:/Unreal Project/Finalproject_2025_2 5.6/Content/FirstPersonArms/Character/Mesh/SK_Mannequin_Arms_PhysicsAsset.uasset" 1088
"C:/Unreal Project/Finalproject_2025_2 5.6/Content/FirstPersonArms/Character/Mesh/SK_Mannequin_Arms_PhysicsAsset.uexp" 1089
"../../../Engine/Content/Functions/MaterialLayerFunctions/MatLayerBlend_Simple.uasset" 1090
"../../../Engine/Content/Functions/MaterialLayerFunctions/MatLayerBlend_Simple.uexp" 1091
"../../../Engine/Content/Functions/MaterialLayerFunctions/MatLayerBlend_NormalBlend.uasset" 1092
"../../../Engine/Content/Functions/MaterialLayerFunctions/MatLayerBlend_NormalBlend.uexp" 1093
"C:/Unreal Project/Finalproject_2025_2 5.6/Content/FirstPersonArms/Character/Textures/UE4_Mannequin__normals.ubulk" 1094
"C:/Unreal Project/Finalproject_2025_2 5.6/Content/FirstPersonArms/Character/Textures/UE4_Mannequin__normals.uasset" 1095
"C:/Unreal Project/Finalproject_2025_2 5.6/Content/FirstPersonArms/Character/Textures/UE4_Mannequin__normals.uexp" 1096
"C:/Unreal Project/Finalproject_2025_2 5.6/Content/FirstPersonArms/Character/Textures/UE4_Mannequin_MAT_MASKA.ubulk" 1097
"C:/Unreal Project/Finalproject_2025_2 5.6/Content/FirstPersonArms/Character/Textures/UE4_Mannequin_MAT_MASKA.uasset" 1098
"C:/Unreal Project/Finalproject_2025_2 5.6/Content/FirstPersonArms/Character/Textures/UE4_Mannequin_MAT_MASKA.uexp" 1099
"C:/Unreal Project/Finalproject_2025_2 5.6/Content/FirstPersonArms/Character/Materials/MaterialLayers/T_ML_Aluminum01_N.ubulk" 1100
"C:/Unreal Project/Finalproject_2025_2 5.6/Content/FirstPersonArms/Character/Materials/MaterialLayers/T_ML_Aluminum01_N.uasset" 1101
"C:/Unreal Project/Finalproject_2025_2 5.6/Content/FirstPersonArms/Character/Materials/MaterialLayers/T_ML_Aluminum01_N.uexp" 1102
"C:/Unreal Project/Finalproject_2025_2 5.6/Content/FirstPersonArms/Character/Materials/MaterialLayers/T_ML_Aluminum01.ubulk" 1103
"C:/Unreal Project/Finalproject_2025_2 5.6/Content/FirstPersonArms/Character/Materials/MaterialLayers/T_ML_Aluminum01.uasset" 1104
"C:/Unreal Project/Finalproject_2025_2 5.6/Content/FirstPersonArms/Character/Materials/MaterialLayers/T_ML_Aluminum01.uexp" 1105
"C:/Unreal Project/Finalproject_2025_2 5.6/Content/FirstPersonArms/Character/Materials/MaterialLayers/ML_SoftMetal_UE4.uasset" 1106
"C:/Unreal Project/Finalproject_2025_2 5.6/Content/FirstPersonArms/Character/Materials/MaterialLayers/ML_SoftMetal_UE4.uexp" 1107
"C:/Unreal Project/Finalproject_2025_2 5.6/Content/FirstPersonArms/Character/Textures/UE4_LOGO_CARD.ubulk" 1108
"C:/Unreal Project/Finalproject_2025_2 5.6/Content/FirstPersonArms/Character/Textures/UE4_LOGO_CARD.uasset" 1109
"C:/Unreal Project/Finalproject_2025_2 5.6/Content/FirstPersonArms/Character/Textures/UE4_LOGO_CARD.uexp" 1110
"C:/Unreal Project/Finalproject_2025_2 5.6/Content/FirstPersonArms/Character/Materials/MaterialLayers/ML_Plastic_Shiny_Beige_LOGO.uasset" 1111
"C:/Unreal Project/Finalproject_2025_2 5.6/Content/FirstPersonArms/Character/Materials/MaterialLayers/ML_Plastic_Shiny_Beige_LOGO.uexp" 1112
"C:/Unreal Project/Finalproject_2025_2 5.6/Content/FirstPersonArms/Character/Materials/MaterialLayers/ML_Plastic_Shiny_Beige.uasset" 1113
"C:/Unreal Project/Finalproject_2025_2 5.6/Content/FirstPersonArms/Character/Materials/MaterialLayers/ML_Plastic_Shiny_Beige.uexp" 1114
"C:/Unreal Project/Finalproject_2025_2 5.6/Content/FirstPersonArms/Character/Materials/MaterialLayers/T_ML_Rubber_Blue_01_N.ubulk" 1115
"C:/Unreal Project/Finalproject_2025_2 5.6/Content/FirstPersonArms/Character/Materials/MaterialLayers/T_ML_Rubber_Blue_01_N.uasset" 1116
"C:/Unreal Project/Finalproject_2025_2 5.6/Content/FirstPersonArms/Character/Materials/MaterialLayers/T_ML_Rubber_Blue_01_N.uexp" 1117
"C:/Unreal Project/Finalproject_2025_2 5.6/Content/FirstPersonArms/Character/Materials/MaterialLayers/T_ML_Rubber_Blue_01_D.ubulk" 1118
"C:/Unreal Project/Finalproject_2025_2 5.6/Content/FirstPersonArms/Character/Materials/MaterialLayers/T_ML_Rubber_Blue_01_D.uasset" 1119
"C:/Unreal Project/Finalproject_2025_2 5.6/Content/FirstPersonArms/Character/Materials/MaterialLayers/T_ML_Rubber_Blue_01_D.uexp" 1120
"C:/Unreal Project/Finalproject_2025_2 5.6/Content/FirstPersonArms/Character/Materials/MaterialLayers/ML_GlossyBlack_Latex_UE4.uasset" 1121
"C:/Unreal Project/Finalproject_2025_2 5.6/Content/FirstPersonArms/Character/Materials/MaterialLayers/ML_GlossyBlack_Latex_UE4.uexp" 1122
"C:/Unreal Project/Finalproject_2025_2 5.6/Content/FirstPersonArms/Character/Materials/M_UE4Man_Body.uasset" 1123
"C:/Unreal Project/Finalproject_2025_2 5.6/Content/FirstPersonArms/Character/Materials/M_UE4Man_Body.uexp" 1124
"C:/Unreal Project/Finalproject_2025_2 5.6/Content/FirstPersonArms/Character/Mesh/SK_Mannequin_Arms.uasset" 1125
"C:/Unreal Project/Finalproject_2025_2 5.6/Content/FirstPersonArms/Character/Mesh/SK_Mannequin_Arms.uexp" 1126
"../../../Engine/Content/Animation/DefaultRecorderBoneCompression.uasset" 1127
"../../../Engine/Content/Animation/DefaultRecorderBoneCompression.uexp" 1128
"../../../Engine/Content/Animation/DefaultAnimCurveCompressionSettings.uasset" 1129
"../../../Engine/Content/Animation/DefaultAnimCurveCompressionSettings.uexp" 1130
"C:/Unreal Project/Finalproject_2025_2 5.6/Content/FirstPersonArms/Animations/FP_Run_Fwd.uasset" 1131
"C:/Unreal Project/Finalproject_2025_2 5.6/Content/FirstPersonArms/Animations/FP_Run_Fwd.uexp" 1132
"../../../Engine/Content/Animation/DefaultAnimBoneCompressionSettings.uasset" 1133
"../../../Engine/Content/Animation/DefaultAnimBoneCompressionSettings.uexp" 1134
"C:/Unreal Project/Finalproject_2025_2 5.6/Content/FirstPersonArms/Animations/FP_Rifle_Run.uasset" 1135
"C:/Unreal Project/Finalproject_2025_2 5.6/Content/FirstPersonArms/Animations/FP_Rifle_Run.uexp" 1136
"C:/Unreal Project/Finalproject_2025_2 5.6/Content/FirstPersonArms/Animations/FP_Rifle_Land.uasset" 1137
"C:/Unreal Project/Finalproject_2025_2 5.6/Content/FirstPersonArms/Animations/FP_Rifle_Land.uexp" 1138
"C:/Unreal Project/Finalproject_2025_2 5.6/Content/FirstPersonArms/Animations/FP_Rifle_Jump.uasset" 1139
"C:/Unreal Project/Finalproject_2025_2 5.6/Content/FirstPersonArms/Animations/FP_Rifle_Jump.uexp" 1140
"C:/Unreal Project/Finalproject_2025_2 5.6/Content/FirstPersonArms/Animations/FP_Rifle_Idle.uasset" 1141
"C:/Unreal Project/Finalproject_2025_2 5.6/Content/FirstPersonArms/Animations/FP_Rifle_Idle.uexp" 1142
"C:/Unreal Project/Finalproject_2025_2 5.6/Content/FirstPersonArms/Animations/FP_Rifle_Falling.uasset" 1143
"C:/Unreal Project/Finalproject_2025_2 5.6/Content/FirstPersonArms/Animations/FP_Rifle_Falling.uexp" 1144
"C:/Unreal Project/Finalproject_2025_2 5.6/Content/FirstPersonArms/Animations/FP_Land.uasset" 1145
"C:/Unreal Project/Finalproject_2025_2 5.6/Content/FirstPersonArms/Animations/FP_Land.uexp" 1146
"C:/Unreal Project/Finalproject_2025_2 5.6/Content/FirstPersonArms/Animations/FP_Jump.uasset" 1147
"C:/Unreal Project/Finalproject_2025_2 5.6/Content/FirstPersonArms/Animations/FP_Jump.uexp" 1148
"C:/Unreal Project/Finalproject_2025_2 5.6/Content/FirstPersonArms/Animations/FP_Idle.uasset" 1149
"C:/Unreal Project/Finalproject_2025_2 5.6/Content/FirstPersonArms/Animations/FP_Idle.uexp" 1150
"C:/Unreal Project/Finalproject_2025_2 5.6/Content/FirstPersonArms/Animations/FP_Falling.uasset" 1151
"C:/Unreal Project/Finalproject_2025_2 5.6/Content/FirstPersonArms/Animations/FP_Falling.uexp" 1152
"C:/Unreal Project/Finalproject_2025_2 5.6/Content/FirstPersonArms/Animations/FirstPerson_AnimBP.uasset" 1153
"C:/Unreal Project/Finalproject_2025_2 5.6/Content/FirstPersonArms/Animations/FirstPerson_AnimBP.uexp" 1154
"C:/Unreal Project/Finalproject_2025_2 5.6/Content/FirstPerson/Input/Actions/IA_Move.uasset" 1155
"C:/Unreal Project/Finalproject_2025_2 5.6/Content/FirstPerson/Input/Actions/IA_Move.uexp" 1156
"C:/Unreal Project/Finalproject_2025_2 5.6/Content/FirstPerson/Input/Actions/IA_Look.uasset" 1157
"C:/Unreal Project/Finalproject_2025_2 5.6/Content/FirstPerson/Input/Actions/IA_Look.uexp" 1158
"C:/Unreal Project/Finalproject_2025_2 5.6/Content/FirstPerson/Input/Actions/IA_Jump.uasset" 1159
"C:/Unreal Project/Finalproject_2025_2 5.6/Content/FirstPerson/Input/Actions/IA_Jump.uexp" 1160
"C:/Unreal Project/Finalproject_2025_2 5.6/Content/FirstPerson/Input/IMC_Default.uasset" 1161
"C:/Unreal Project/Finalproject_2025_2 5.6/Content/FirstPerson/Input/IMC_Default.uexp" 1162
"C:/Unreal Project/Finalproject_2025_2 5.6/Content/FirstPerson/Blueprints/BP_FirstPersonCharacter.uasset" 1163
"C:/Unreal Project/Finalproject_2025_2 5.6/Content/FirstPerson/Blueprints/BP_FirstPersonCharacter.uexp" 1164
"C:/Unreal Project/Finalproject_2025_2 5.6/Content/FirstPerson/Blueprints/BP_FirstPersonGameMode.uasset" 1165
"C:/Unreal Project/Finalproject_2025_2 5.6/Content/FirstPerson/Blueprints/BP_FirstPersonGameMode.uexp" 1166
"C:/Unreal Project/Finalproject_2025_2 5.6/Content/FirstPerson/Maps/FirstPersonMap.uexp" 1167
"C:/Unreal Project/Finalproject_2025_2 5.6/Content/FirstPerson/Maps/FirstPersonMap.umap" 1168
